aggregate_level,kota,kecamatan,kelurahan,rw,rt,sector,subsector,asset,total_asset
KELURAHAN,JAKARTA UTARA,CILINCING,KALI BARU,,,PRODUKTIF,PERTANIAN,TAMBAK,1210000
KELURAHAN,JAKARTA UTARA,CILINCING,CILINCING,,,PRODUKTIF,PERTANIAN,TAMBAK,1210000
KELURAHAN,JAKARTA UTARA,PENJARINGAN,KAPUK MUARA,,,PRODUKTIF,PERTANIAN,TAMBAK,1210000
KECAMATAN,JAKARTA SELATAN,KEBAYORAN BARU,,,,INFRASTRUKTUR,ENERGI,HIDRAN,34
KECAMATAN,JAKARTA TIMUR,CAKUNG,,,,INFRASTRUKTUR,ENERGI,HIDRAN,63
KECAMATAN,JAKARTA BARAT,CENGKARENG,,,,INFRASTRUKTUR,ENERGI,HIDRAN,16
KECAMATAN,JAKARTA UTARA,CILINCING,,,,INFRASTRUKTUR,ENERGI,HIDRAN,65
KECAMATAN,JAKARTA TIMUR,CIRACAS,,,,INFRASTRUKTUR,ENERGI,HIDRAN,17
KECAMATAN,JAKARTA TIMUR,DUREN SAWIT,,,,INFRASTRUKTUR,ENERGI,HIDRAN,108
KECAMATAN,JAKARTA BARAT,GROGOLPETAMBURAN,,,,INFRASTRUKTUR,ENERGI,HIDRAN,29
KECAMATAN,JAKARTA TIMUR,JATINEGARA,,,,INFRASTRUKTUR,ENERGI,HIDRAN,55
KECAMATAN,JAKARTA BARAT,KALIDERES,,,,INFRASTRUKTUR,ENERGI,HIDRAN,6
KECAMATAN,JAKARTA BARAT,KEBONJERUK,,,,INFRASTRUKTUR,ENERGI,HIDRAN,37
KECAMATAN,JAKARTA UTARA,KELAPA GADING,,,,INFRASTRUKTUR,ENERGI,HIDRAN,57
KECAMATAN,JAKARTA BARAT,KEMBANGAN,,,,INFRASTRUKTUR,ENERGI,HIDRAN,6
KECAMATAN,JAKARTA UTARA,KOJA,,,,INFRASTRUKTUR,ENERGI,HIDRAN,50
KECAMATAN,JAKARTA TIMUR,KRAMATJATI,,,,INFRASTRUKTUR,ENERGI,HIDRAN,50
KECAMATAN,JAKARTA TIMUR,MAKASAR,,,,INFRASTRUKTUR,ENERGI,HIDRAN,12
KECAMATAN,JAKARTA TIMUR,MATRAMAN,,,,INFRASTRUKTUR,ENERGI,HIDRAN,44
KECAMATAN,JAKARTA UTARA,PADEMANGAN,,,,INFRASTRUKTUR,ENERGI,HIDRAN,15
KECAMATAN,JAKARTA BARAT,PALMERAH,,,,INFRASTRUKTUR,ENERGI,HIDRAN,45
KECAMATAN,JAKARTA TIMUR,PASARREBO,,,,INFRASTRUKTUR,ENERGI,HIDRAN,19
KECAMATAN,JAKARTA UTARA,PENJARINGAN,,,,INFRASTRUKTUR,ENERGI,HIDRAN,16
KECAMATAN,JAKARTA TIMUR,PULOGADUNG,,,,INFRASTRUKTUR,ENERGI,HIDRAN,93
KECAMATAN,JAKARTA SELATAN,KEBAYORAN LAMA,,,,INFRASTRUKTUR,ENERGI,HIDRAN,36
KECAMATAN,JAKARTA PUSAT,GAMBIR,,,,INFRASTRUKTUR,ENERGI,HIDRAN,29
KECAMATAN,JAKARTA SELATAN,KEBAYORAN BARU,,,,INFRASTRUKTUR,ENERGI,HIDRAN,45
KECAMATAN,JAKARTA PUSAT,TANAHABANG,,,,INFRASTRUKTUR,ENERGI,HIDRAN,43
KECAMATAN,JAKARTA SELATAN,MAMPANG PRAPATAN,,,,INFRASTRUKTUR,ENERGI,HIDRAN,15
KECAMATAN,JAKARTA PUSAT,MENTENG,,,,INFRASTRUKTUR,ENERGI,HIDRAN,43
KECAMATAN,JAKARTA PUSAT,JOHAR BARU,,,,INFRASTRUKTUR,ENERGI,HIDRAN,24
KECAMATAN,JAKARTA SELATAN,PASAR MINGGU,,,,INFRASTRUKTUR,ENERGI,HIDRAN,13
KECAMATAN,JAKARTA PUSAT,CEMPAKA PUTIH,,,,INFRASTRUKTUR,ENERGI,HIDRAN,31
KECAMATAN,JAKARTA SELATAN,CILANDAK,,,,INFRASTRUKTUR,ENERGI,HIDRAN,21
KECAMATAN,JAKARTA PUSAT,KEMAYORAN,,,,INFRASTRUKTUR,ENERGI,HIDRAN,45
KECAMATAN,JAKARTA SELATAN,TEBET,,,,INFRASTRUKTUR,ENERGI,HIDRAN,31
KECAMATAN,JAKARTA PUSAT,SENEN,,,,INFRASTRUKTUR,ENERGI,HIDRAN,56
KECAMATAN,JAKARTA SELATAN,SETIABUDI,,,,INFRASTRUKTUR,ENERGI,HIDRAN,25
KECAMATAN,JAKARTA SELATAN,PANCORAN,,,,INFRASTRUKTUR,ENERGI,HIDRAN,16
KECAMATAN,JAKARTA PUSAT,SAWAH BESAR,,,,INFRASTRUKTUR,ENERGI,HIDRAN,28
KECAMATAN,JAKARTA BARAT,TAMANSARI,,,,INFRASTRUKTUR,ENERGI,HIDRAN,14
KECAMATAN,JAKARTA BARAT,TAMBORA,,,,INFRASTRUKTUR,ENERGI,HIDRAN,14
KECAMATAN,JAKARTA UTARA,TANJUNG PRIOK,,,,INFRASTRUKTUR,ENERGI,HIDRAN,59
KELURAHAN,JAKARTA UTARA,PADEMANGAN,ANCOL,,,LINTAS SEKTOR,FINANSIAL,ATM,14
KELURAHAN,JAKARTA BARAT,TAMBORA,ANGKE,,,LINTAS SEKTOR,FINANSIAL,ATM,32
KELURAHAN,JAKARTA TIMUR,KRAMATJATI,BALE KAMBANG,,,LINTAS SEKTOR,FINANSIAL,ATM,7
KELURAHAN,JAKARTA TIMUR,JATINEGARA,BALI MESTER,,,LINTAS SEKTOR,FINANSIAL,ATM,132
KELURAHAN,JAKARTA TIMUR,CIPAYUNG,BAMBU APUS,,,LINTAS SEKTOR,FINANSIAL,ATM,10
KELURAHAN,JAKARTA SELATAN,MAMPANG PRAPATAN,BANGKA,,,LINTAS SEKTOR,FINANSIAL,ATM,78
KELURAHAN,JAKARTA TIMUR,PASARREBO,BARU,,,LINTAS SEKTOR,FINANSIAL,ATM,57
KELURAHAN,JAKARTA TIMUR,KRAMATJATI,BATU AMPAR,,,LINTAS SEKTOR,FINANSIAL,ATM,34
KELURAHAN,JAKARTA PUSAT,TANAHABANG,BENDUNGAN HILIR,,,LINTAS SEKTOR,FINANSIAL,ATM,148
KELURAHAN,JAKARTA TIMUR,JATINEGARA,BIDARA CINA,,,LINTAS SEKTOR,FINANSIAL,ATM,70
KELURAHAN,JAKARTA SELATAN,JAGAKARSA,BINTARO,,,LINTAS SEKTOR,FINANSIAL,ATM,93
KELURAHAN,JAKARTA SELATAN,TEBET,BUKIT DURI,,,LINTAS SEKTOR,FINANSIAL,ATM,22
KELURAHAN,JAKARTA PUSAT,SENEN,BUNGUR,,,LINTAS SEKTOR,FINANSIAL,ATM,15
KELURAHAN,JAKARTA TIMUR,CAKUNG,CAKUNG BARAT,,,LINTAS SEKTOR,FINANSIAL,ATM,49
KELURAHAN,JAKARTA TIMUR,CAKUNG,CAKUNG TIMUR,,,LINTAS SEKTOR,FINANSIAL,ATM,1
KELURAHAN,JAKARTA TIMUR,KRAMATJATI,CAWANG,,,LINTAS SEKTOR,FINANSIAL,ATM,76
KELURAHAN,JAKARTA TIMUR,CIPAYUNG,CEGER,,,LINTAS SEKTOR,FINANSIAL,ATM,15
KELURAHAN,JAKARTA PUSAT,KEMAYORAN,CEMPAKA BARU,,,LINTAS SEKTOR,FINANSIAL,ATM,139
KELURAHAN,JAKARTA PUSAT,CEMPAKA PUTIH,CEMPAKA PUTIH BARAT,,,LINTAS SEKTOR,FINANSIAL,ATM,16
KELURAHAN,JAKARTA PUSAT,CEMPAKA PUTIH,CEMPAKA PUTIH TIMUR,,,LINTAS SEKTOR,FINANSIAL,ATM,58
KELURAHAN,JAKARTA BARAT,CENGKARENG,CENGKARENG BARAT,,,LINTAS SEKTOR,FINANSIAL,ATM,2
KELURAHAN,JAKARTA BARAT,CENGKARENG,CENGKARENG TIMUR,,,LINTAS SEKTOR,FINANSIAL,ATM,149
KELURAHAN,JAKARTA TIMUR,CIRACAS,CIBUBUR,,,LINTAS SEKTOR,FINANSIAL,ATM,102
KELURAHAN,JAKARTA PUSAT,GAMBIR,CIDENG,,,LINTAS SEKTOR,FINANSIAL,ATM,153
KELURAHAN,JAKARTA SELATAN,JAGAKARSA,CIGANJUR,,,LINTAS SEKTOR,FINANSIAL,ATM,41
KELURAHAN,JAKARTA TIMUR,PASARREBO,CIJANTUNG,,,LINTAS SEKTOR,FINANSIAL,ATM,40
KELURAHAN,JAKARTA PUSAT,MENTENG,CIKINI,,,LINTAS SEKTOR,FINANSIAL,ATM,77
KELURAHAN,JAKARTA SELATAN,PANCORAN,CIKOKO,,,LINTAS SEKTOR,FINANSIAL,ATM,1
KELURAHAN,JAKARTA SELATAN,CILANDAK,CILANDAK BARAT,,,LINTAS SEKTOR,FINANSIAL,ATM,144
KELURAHAN,JAKARTA SELATAN,PASAR MINGGU,CILANDAK TIMUR,,,LINTAS SEKTOR,FINANSIAL,ATM,102
KELURAHAN,JAKARTA TIMUR,CIPAYUNG,CILANGKAP,,,LINTAS SEKTOR,FINANSIAL,ATM,37
KELURAHAN,JAKARTA TIMUR,KRAMATJATI,CILILITAN,,,LINTAS SEKTOR,FINANSIAL,ATM,56
KELURAHAN,JAKARTA UTARA,CILINCING,CILINCING,,,LINTAS SEKTOR,FINANSIAL,ATM,46
KELURAHAN,JAKARTA TIMUR,CIPAYUNG,CIPAYUNG,,,LINTAS SEKTOR,FINANSIAL,ATM,22
KELURAHAN,JAKARTA SELATAN,JAGAKARSA,CIPEDAK,,,LINTAS SEKTOR,FINANSIAL,ATM,2
KELURAHAN,JAKARTA SELATAN,CILANDAK,CIPETE SELATAN,,,LINTAS SEKTOR,FINANSIAL,ATM,64
KELURAHAN,JAKARTA SELATAN,KEBAYORAN BARU,CIPETE UTARA,,,LINTAS SEKTOR,FINANSIAL,ATM,61
KELURAHAN,JAKARTA TIMUR,PULOGADUNG,CIPINANG,,,LINTAS SEKTOR,FINANSIAL,ATM,26
KELURAHAN,JAKARTA TIMUR,JATINEGARA,CIPINANG BESAR UTARA,,,LINTAS SEKTOR,FINANSIAL,ATM,40
KELURAHAN,JAKARTA TIMUR,JATINEGARA,CIPINANG CEMPEDAK,,,LINTAS SEKTOR,FINANSIAL,ATM,35
KELURAHAN,JAKARTA TIMUR,MAKASAR,CIPINANG MELAYU,,,LINTAS SEKTOR,FINANSIAL,ATM,21
KELURAHAN,JAKARTA TIMUR,JATINEGARA,CIPINANG MUARA,,,LINTAS SEKTOR,FINANSIAL,ATM,52
KELURAHAN,JAKARTA SELATAN,KEBAYORAN LAMA,CIPULIR,,,LINTAS SEKTOR,FINANSIAL,ATM,69
KELURAHAN,JAKARTA TIMUR,CIRACAS,CIRACAS,,,LINTAS SEKTOR,FINANSIAL,ATM,37
KELURAHAN,JAKARTA TIMUR,KRAMATJATI,DUKUH,,,LINTAS SEKTOR,FINANSIAL,ATM,10
KELURAHAN,JAKARTA TIMUR,DUREN SAWIT,DUREN SAWIT,,,LINTAS SEKTOR,FINANSIAL,ATM,137
KELURAHAN,JAKARTA SELATAN,PANCORAN,DUREN TIGA,,,LINTAS SEKTOR,FINANSIAL,ATM,75
KELURAHAN,JAKARTA BARAT,KEBONJERUK,DURI KEPA,,,LINTAS SEKTOR,FINANSIAL,ATM,126
KELURAHAN,JAKARTA BARAT,CENGKARENG,DURI KOSAMBI,,,LINTAS SEKTOR,FINANSIAL,ATM,49
KELURAHAN,JAKARTA PUSAT,GAMBIR,DURI PULO,,,LINTAS SEKTOR,FINANSIAL,ATM,12
KELURAHAN,JAKARTA BARAT,TAMBORA,DURI SELATAN,,,LINTAS SEKTOR,FINANSIAL,ATM,23
KELURAHAN,JAKARTA BARAT,TAMBORA,DURI UTARA,,,LINTAS SEKTOR,FINANSIAL,ATM,1
KELURAHAN,JAKARTA PUSAT,JOHAR BARU,GALUR,,,LINTAS SEKTOR,FINANSIAL,ATM,9
KELURAHAN,JAKARTA PUSAT,GAMBIR,GAMBIR,,,LINTAS SEKTOR,FINANSIAL,ATM,228
KELURAHAN,JAKARTA SELATAN,CILANDAK,GANDARIA SELATAN,,,LINTAS SEKTOR,FINANSIAL,ATM,87
KELURAHAN,JAKARTA SELATAN,KEBAYORAN BARU,GANDARIA UTARA,,,LINTAS SEKTOR,FINANSIAL,ATM,118
KELURAHAN,JAKARTA TIMUR,PASARREBO,GEDONG,,,LINTAS SEKTOR,FINANSIAL,ATM,34
KELURAHAN,JAKARTA PUSAT,TANAHABANG,GELORA,,,LINTAS SEKTOR,FINANSIAL,ATM,303
KELURAHAN,JAKARTA BARAT,TAMANSARI,GLODOK,,,LINTAS SEKTOR,FINANSIAL,ATM,53
KELURAHAN,JAKARTA PUSAT,MENTENG,GONDANGDIA,,,LINTAS SEKTOR,FINANSIAL,ATM,111
KELURAHAN,JAKARTA BARAT,GROGOLPETAMBURAN,GROGOL,,,LINTAS SEKTOR,FINANSIAL,ATM,72
KELURAHAN,JAKARTA SELATAN,KABAYORAN LAMA,GROGOL SELATAN,,,LINTAS SEKTOR,FINANSIAL,ATM,38
KELURAHAN,JAKARTA SELATAN,KEBAYORAN LAMA,GROGOL UTARA,,,LINTAS SEKTOR,FINANSIAL,ATM,95
KELURAHAN,JAKARTA SELATAN,SETIA BUDI,GUNTUR,,,LINTAS SEKTOR,FINANSIAL,ATM,18
KELURAHAN,JAKARTA SELATAN,KEBAYORAN BARU,GUNUNG,,,LINTAS SEKTOR,FINANSIAL,ATM,68
KELURAHAN,JAKARTA PUSAT,KEMAYORAN,GUNUNG SAHARI SELATAN,,,LINTAS SEKTOR,FINANSIAL,ATM,75
KELURAHAN,JAKARTA PUSAT,SAWAH BESAR,GUNUNG SAHARI UTARA,,,LINTAS SEKTOR,FINANSIAL,ATM,76
KELURAHAN,JAKARTA TIMUR,MAKASAR,HALIM PERDANA KUSUMAH,,,LINTAS SEKTOR,FINANSIAL,ATM,21
KELURAHAN,JAKARTA SELATAN,JAGAKARSA,JAGAKARSA,,,LINTAS SEKTOR,FINANSIAL,ATM,47
KELURAHAN,JAKARTA TIMUR,PULOGADUNG,JATI,,,LINTAS SEKTOR,FINANSIAL,ATM,73
KELURAHAN,JAKARTA SELATAN,PASAR MINGGU,JATI PADANG,,,LINTAS SEKTOR,FINANSIAL,ATM,71
KELURAHAN,JAKARTA BARAT,PALMERAH,JATI PULO,,,LINTAS SEKTOR,FINANSIAL,ATM,29
KELURAHAN,JAKARTA TIMUR,CAKUNG,JATINEGARA,,,LINTAS SEKTOR,FINANSIAL,ATM,29
KELURAHAN,JAKARTA TIMUR,PULOGADUNG,JATINEGARA KAUM,,,LINTAS SEKTOR,FINANSIAL,ATM,10
KELURAHAN,JAKARTA BARAT,GROGOLPETAMBURAN,JELAMBAR,,,LINTAS SEKTOR,FINANSIAL,ATM,160
KELURAHAN,JAKARTA BARAT,TAMBORA,JEMBATAN BESI,,,LINTAS SEKTOR,FINANSIAL,ATM,21
KELURAHAN,JAKARTA BARAT,TAMBORA,JEMBATAN LIMA,,,LINTAS SEKTOR,FINANSIAL,ATM,24
KELURAHAN,JAKARTA BARAT,KEMBANGAN,JOGLO,,,LINTAS SEKTOR,FINANSIAL,ATM,81
KELURAHAN,JAKARTA PUSAT,JOHAR BARU,JOHAR BARU,,,LINTAS SEKTOR,FINANSIAL,ATM,23
KELURAHAN,JAKARTA UTARA,CILINCING,KALI BARU,,,LINTAS SEKTOR,FINANSIAL,ATM,8
KELURAHAN,JAKARTA BARAT,TAMBORA,KALIANYAR,,,LINTAS SEKTOR,FINANSIAL,ATM,1
KELURAHAN,JAKARTA SELATAN,PANCORAN,KALIBATA,,,LINTAS SEKTOR,FINANSIAL,ATM,77
KELURAHAN,JAKARTA BARAT,KALIDERES,KALIDERES,,,LINTAS SEKTOR,FINANSIAL,ATM,145
KELURAHAN,JAKARTA TIMUR,PASARREBO,KALISARI,,,LINTAS SEKTOR,FINANSIAL,ATM,12
KELURAHAN,JAKARTA BARAT,KALIDERES,KAMAL,,,LINTAS SEKTOR,FINANSIAL,ATM,25
KELURAHAN,JAKARTA UTARA,PENJARINGAN,KAMAL MUARA,,,LINTAS SEKTOR,FINANSIAL,ATM,71
KELURAHAN,JAKARTA PUSAT,TANAHABANG,KAMPUNG BALI,,,LINTAS SEKTOR,FINANSIAL,ATM,141
KELURAHAN,JAKARTA TIMUR,JATINEGARA,KAMPUNG MELAYU,,,LINTAS SEKTOR,FINANSIAL,ATM,13
KELURAHAN,JAKARTA PUSAT,JOHAR BARU,KAMPUNG RAWA,,,LINTAS SEKTOR,FINANSIAL,ATM,2
KELURAHAN,JAKARTA TIMUR,KRAMATJATI,KAMPUNG TENGAH,,,LINTAS SEKTOR,FINANSIAL,ATM,24
KELURAHAN,JAKARTA BARAT,CENGKARENG,KAPUK,,,LINTAS SEKTOR,FINANSIAL,ATM,57
KELURAHAN,JAKARTA UTARA,PENJARINGAN,KAPUK MUARA,,,LINTAS SEKTOR,FINANSIAL,ATM,89
KELURAHAN,JAKARTA PUSAT,SAWAH BESAR,KARANG ANYAR,,,LINTAS SEKTOR,FINANSIAL,ATM,13
KELURAHAN,JAKARTA SELATAN,SETIA BUDI,KARET,,,LINTAS SEKTOR,FINANSIAL,ATM,180
KELURAHAN,JAKARTA SELATAN,SETIABUDI,KARET KUNINGAN,,,LINTAS SEKTOR,FINANSIAL,ATM,199
KELURAHAN,JAKARTA SELATAN,SETIA BUDI,KARET SEMANGGI,,,LINTAS SEKTOR,FINANSIAL,ATM,91
KELURAHAN,JAKARTA PUSAT,TANAHABANG,KARET TENGSIN,,,LINTAS SEKTOR,FINANSIAL,ATM,140
KELURAHAN,JAKARTA PUSAT,SAWAH BESAR,KARTINI,,,LINTAS SEKTOR,FINANSIAL,ATM,30
KELURAHAN,JAKARTA TIMUR,MATRAMAN,KAYU MANIS,,,LINTAS SEKTOR,FINANSIAL,ATM,8
KELURAHAN,JAKARTA TIMUR,PULOGADUNG,KAYU PUTIH,,,LINTAS SEKTOR,FINANSIAL,ATM,45
KELURAHAN,JAKARTA BARAT,TAMANSARI,KEAGUNGAN,,,LINTAS SEKTOR,FINANSIAL,ATM,16
KELURAHAN,JAKARTA SELATAN,PASAR MINGGU,KEBAGUSAN,,,LINTAS SEKTOR,FINANSIAL,ATM,6
KELURAHAN,JAKARTA SELATAN,KEBAYORAN LAMA,KEBAYORAN LAMA UTARA,,,LINTAS SEKTOR,FINANSIAL,ATM,124
KELURAHAN,JAKARTA SELATAN,TEBET,KEBON BARU,,,LINTAS SEKTOR,FINANSIAL,ATM,16
KELURAHAN,JAKARTA UTARA,TANJUNG PRIOK,KEBON BAWANG,,,LINTAS SEKTOR,FINANSIAL,ATM,34
KELURAHAN,JAKARTA BARAT,KEBONJERUK,KEBON JERUK,,,LINTAS SEKTOR,FINANSIAL,ATM,151
KELURAHAN,JAKARTA PUSAT,TANAHABANG,KEBON KACANG,,,LINTAS SEKTOR,FINANSIAL,ATM,113
KELURAHAN,JAKARTA PUSAT,GAMBIR,KEBON KELAPA,,,LINTAS SEKTOR,FINANSIAL,ATM,98
KELURAHAN,JAKARTA PUSAT,KEMAYORAN,KEBON KOSONG,,,LINTAS SEKTOR,FINANSIAL,ATM,29
KELURAHAN,JAKARTA TIMUR,MATRAMAN,KEBON MANGGIS,,,LINTAS SEKTOR,FINANSIAL,ATM,43
KELURAHAN,JAKARTA PUSAT,TANAHABANG,KEBON MELATI,,,LINTAS SEKTOR,FINANSIAL,ATM,58
KELURAHAN,JAKARTA TIMUR,MAKASAR,KEBON PALA,,,LINTAS SEKTOR,FINANSIAL,ATM,20
KELURAHAN,JAKARTA PUSAT,MENTENG,KEBON SIRIH,,,LINTAS SEKTOR,FINANSIAL,ATM,138
KELURAHAN,JAKARTA BARAT,CENGKARENG,KEDAUNG KALI ANGKE,,,LINTAS SEKTOR,FINANSIAL,ATM,16
KELURAHAN,JAKARTA BARAT,KEBONJERUK,KEDOYA SELATAN,,,LINTAS SEKTOR,FINANSIAL,ATM,1
KELURAHAN,JAKARTA BARAT,KEBONJERUK,KEDOYA UTARA,,,LINTAS SEKTOR,FINANSIAL,ATM,99
KELURAHAN,JAKARTA BARAT,KEBONJERUK,KELAPA DUA,,,LINTAS SEKTOR,FINANSIAL,ATM,37
KELURAHAN,JAKARTA TIMUR,CIRACAS,KELAPA DUA WETAN,,,LINTAS SEKTOR,FINANSIAL,ATM,13
KELURAHAN,JAKARTA UTARA,KELAPA GADING,KELAPA GADING BARAT,,,LINTAS SEKTOR,FINANSIAL,ATM,10
KELURAHAN,JAKARTA UTARA,KELAPA GADING,KELAPA GADING TIMUR,,,LINTAS SEKTOR,FINANSIAL,ATM,557
KELURAHAN,JAKARTA BARAT,PALMERAH,KEMANGGISAN,,,LINTAS SEKTOR,FINANSIAL,ATM,24
KELURAHAN,JAKARTA PUSAT,KEMAYORAN,KEMAYORAN,,,LINTAS SEKTOR,FINANSIAL,ATM,63
KELURAHAN,JAKARTA BARAT,KEMBANGAN,KEMBANGAN SELATAN,,,LINTAS SEKTOR,FINANSIAL,ATM,1
KELURAHAN,JAKARTA BARAT,KEMBANGAN,KEMBANGAN UTARA,,,LINTAS SEKTOR,FINANSIAL,ATM,222
KELURAHAN,JAKARTA PUSAT,SENEN,KENARI,,,LINTAS SEKTOR,FINANSIAL,ATM,99
KELURAHAN,JAKARTA TIMUR,DUREN SAWIT,KLENDER,,,LINTAS SEKTOR,FINANSIAL,ATM,83
KELURAHAN,JAKARTA UTARA,KOJA,KOJA,,,LINTAS SEKTOR,FINANSIAL,ATM,21
KELURAHAN,JAKARTA BARAT,PALMERAH,KOTA BAMBU SELATAN,,,LINTAS SEKTOR,FINANSIAL,ATM,38
KELURAHAN,JAKARTA BARAT,PALMERAH,KOTA BAMBU UTARA,,,LINTAS SEKTOR,FINANSIAL,ATM,2
KELURAHAN,JAKARTA PUSAT,SENEN,KRAMAT,,,LINTAS SEKTOR,FINANSIAL,ATM,88
KELURAHAN,JAKARTA TIMUR,KRAMATJATI,KRAMAT JATI,,,LINTAS SEKTOR,FINANSIAL,ATM,67
KELURAHAN,JAKARTA SELATAN,KEBAYORAN BARU,KRAMAT PELA,,,LINTAS SEKTOR,FINANSIAL,ATM,67
KELURAHAN,JAKARTA BARAT,TAMBORA,KRENDANG,,,LINTAS SEKTOR,FINANSIAL,ATM,16
KELURAHAN,JAKARTA BARAT,TAMANSARI,KRUKUT,,,LINTAS SEKTOR,FINANSIAL,ATM,35
KELURAHAN,JAKARTA SELATAN,MAMPANG PRAPATAN,KUNINGAN BARAT,,,LINTAS SEKTOR,FINANSIAL,ATM,51
KELURAHAN,JAKARTA SELATAN,SETIABUDI,KUNINGAN TIMUR,,,LINTAS SEKTOR,FINANSIAL,ATM,158
KELURAHAN,JAKARTA PUSAT,SENEN,KWITANG,,,LINTAS SEKTOR,FINANSIAL,ATM,18
KELURAHAN,JAKARTA UTARA,KOJA,LAGOA,,,LINTAS SEKTOR,FINANSIAL,ATM,19
KELURAHAN,JAKARTA SELATAN,CILANDAK,LEBAK BULUS,,,LINTAS SEKTOR,FINANSIAL,ATM,85
KELURAHAN,JAKARTA SELATAN,JAGAKARSA,LENTENG AGUNG,,,LINTAS SEKTOR,FINANSIAL,ATM,18
KELURAHAN,JAKARTA TIMUR,CIPAYUNG,LUBANG BUAYA,,,LINTAS SEKTOR,FINANSIAL,ATM,21
KELURAHAN,JAKARTA TIMUR,MAKASAR,MAKASAR,,,LINTAS SEKTOR,FINANSIAL,ATM,6
KELURAHAN,JAKARTA TIMUR,DUREN SAWIT,MALAKA JAYA,,,LINTAS SEKTOR,FINANSIAL,ATM,41
KELURAHAN,JAKARTA SELATAN,MAMPANG PRAPATAN,MAMPANG PRAPATAN,,,LINTAS SEKTOR,FINANSIAL,ATM,10
KELURAHAN,JAKARTA BARAT,TAMANSARI,MANGGA BESAR,,,LINTAS SEKTOR,FINANSIAL,ATM,108
KELURAHAN,JAKARTA PUSAT,SAWAH BESAR,MANGGA DUA SELATAN,,,LINTAS SEKTOR,FINANSIAL,ATM,173
KELURAHAN,JAKARTA SELATAN,TEBET,MANGGARAI,,,LINTAS SEKTOR,FINANSIAL,ATM,18
KELURAHAN,JAKARTA SELATAN,TEBET,MANGGARAI SELATAN,,,LINTAS SEKTOR,FINANSIAL,ATM,14
KELURAHAN,JAKARTA BARAT,TAMANSARI,MAPHAR,,,LINTAS SEKTOR,FINANSIAL,ATM,72
KELURAHAN,JAKARTA UTARA,CILINCING,MARUNDA,,,LINTAS SEKTOR,FINANSIAL,ATM,16
KELURAHAN,JAKARTA SELATAN,KEBAYORAN BARU,MELAWAI,,,LINTAS SEKTOR,FINANSIAL,ATM,15
KELURAHAN,JAKARTA PUSAT,MENTENG,MENTENG,,,LINTAS SEKTOR,FINANSIAL,ATM,140
KELURAHAN,JAKARTA SELATAN,SETIABUDI,MENTENG ATAS,,,LINTAS SEKTOR,FINANSIAL,ATM,26
KELURAHAN,JAKARTA SELATAN,TEBET,MENTENG DALAM,,,LINTAS SEKTOR,FINANSIAL,ATM,129
KELURAHAN,JAKARTA BARAT,KEMBANGAN,MERUYA SELATAN,,,LINTAS SEKTOR,FINANSIAL,ATM,25
KELURAHAN,JAKARTA BARAT,KEMBANGAN,MERUYA UTARA,,,LINTAS SEKTOR,FINANSIAL,ATM,58
KELURAHAN,JAKARTA TIMUR,CIPAYUNG,MUNJUL,,,LINTAS SEKTOR,FINANSIAL,ATM,2
KELURAHAN,JAKARTA UTARA,PADEMANGAN,PADEMANGAN BARAT,,,LINTAS SEKTOR,FINANSIAL,ATM,41
KELURAHAN,JAKARTA UTARA,PADEMANGAN,PADEMANGAN TIMUR,,,LINTAS SEKTOR,FINANSIAL,ATM,43
KELURAHAN,JAKARTA TIMUR,MATRAMAN,PAL MERIEM,,,LINTAS SEKTOR,FINANSIAL,ATM,29
KELURAHAN,JAKARTA BARAT,PALMERAH,PALMERAH,,,LINTAS SEKTOR,FINANSIAL,ATM,161
KELURAHAN,JAKARTA SELATAN,PANCORAN,PANCORAN,,,LINTAS SEKTOR,FINANSIAL,ATM,42
KELURAHAN,JAKARTA PUSAT,SAWAH BESAR,PASAR BARU,,,LINTAS SEKTOR,FINANSIAL,ATM,136
KELURAHAN,JAKARTA SELATAN,SETIA BUDI,PASAR MANGGIS,,,LINTAS SEKTOR,FINANSIAL,ATM,27
KELURAHAN,JAKARTA SELATAN,PASAR MINGGU,PASAR MINGGU,,,LINTAS SEKTOR,FINANSIAL,ATM,166
KELURAHAN,JAKARTA PUSAT,SENEN,PASEBAN,,,LINTAS SEKTOR,FINANSIAL,ATM,51
KELURAHAN,JAKARTA BARAT,KALIDERES,PEGADUNGAN,,,LINTAS SEKTOR,FINANSIAL,ATM,48
KELURAHAN,JAKARTA PUSAT,MENTENG,PEGANGSAAN,,,LINTAS SEKTOR,FINANSIAL,ATM,35
KELURAHAN,JAKARTA UTARA,KELAPA GADING,PEGANGSAAN DUA,,,LINTAS SEKTOR,FINANSIAL,ATM,95
KELURAHAN,JAKARTA UTARA,PENJARINGAN,PEJAGALAN,,,LINTAS SEKTOR,FINANSIAL,ATM,321
KELURAHAN,JAKARTA SELATAN,PASAR MINGGU,PEJATEN BARAT,,,LINTAS SEKTOR,FINANSIAL,ATM,1
KELURAHAN,JAKARTA SELATAN,PASAR MINGGU,PEJATEN TIMUR,,,LINTAS SEKTOR,FINANSIAL,ATM,58
KELURAHAN,JAKARTA TIMUR,PASARREBO,PEKAYON,,,LINTAS SEKTOR,FINANSIAL,ATM,13
KELURAHAN,JAKARTA BARAT,TAMBORA,PEKOJAN,,,LINTAS SEKTOR,FINANSIAL,ATM,12
KELURAHAN,JAKARTA SELATAN,MAMPANG PRAPATAN,PELA MAMPANG,,,LINTAS SEKTOR,FINANSIAL,ATM,45
KELURAHAN,JAKARTA SELATAN,PANCORAN,PENGADEGAN,,,LINTAS SEKTOR,FINANSIAL,ATM,37
KELURAHAN,JAKARTA TIMUR,CAKUNG,PENGGILINGAN,,,LINTAS SEKTOR,FINANSIAL,ATM,33
KELURAHAN,JAKARTA UTARA,PENJARINGAN,PENJARINGAN,,,LINTAS SEKTOR,FINANSIAL,ATM,204
KELURAHAN,JAKARTA SELATAN,PESANGGRAHAN,PESANGGRAHAN,,,LINTAS SEKTOR,FINANSIAL,ATM,18
KELURAHAN,JAKARTA PUSAT,TANAHABANG,PETAMBURAN,,,LINTAS SEKTOR,FINANSIAL,ATM,25
KELURAHAN,JAKARTA SELATAN,KEBAYORAN BARU,PETOGOGAN,,,LINTAS SEKTOR,FINANSIAL,ATM,39
KELURAHAN,JAKARTA PUSAT,GAMBIR,PETOJO SELATAN,,,LINTAS SEKTOR,FINANSIAL,ATM,141
KELURAHAN,JAKARTA PUSAT,GAMBIR,PETOJO UTARA,,,LINTAS SEKTOR,FINANSIAL,ATM,330
KELURAHAN,JAKARTA SELATAN,PESANGGRAHAN,PETUKANGAN SELATAN,,,LINTAS SEKTOR,FINANSIAL,ATM,24
KELURAHAN,JAKARTA SELATAN,PESANGGRAHAN,PETUKANGAN UTARA,,,LINTAS SEKTOR,FINANSIAL,ATM,24
KELURAHAN,JAKARTA TIMUR,MAKASAR,PINANG RANTI,,,LINTAS SEKTOR,FINANSIAL,ATM,49
KELURAHAN,JAKARTA BARAT,TAMANSARI,PINANGSIA,,,LINTAS SEKTOR,FINANSIAL,ATM,158
KELURAHAN,JAKARTA TIMUR,MATRAMAN,PISANGAN BARU,,,LINTAS SEKTOR,FINANSIAL,ATM,12
KELURAHAN,JAKARTA TIMUR,PULOGADUNG,PISANGAN TIMUR,,,LINTAS SEKTOR,FINANSIAL,ATM,15
KELURAHAN,JAKARTA UTARA,PENJARINGAN,PLUIT,,,LINTAS SEKTOR,FINANSIAL,ATM,149
KELURAHAN,JAKARTA TIMUR,DUREN SAWIT,PONDOK BAMBU,,,LINTAS SEKTOR,FINANSIAL,ATM,91
KELURAHAN,JAKARTA TIMUR,DUREN SAWIT,PONDOK KELAPA,,,LINTAS SEKTOR,FINANSIAL,ATM,88
KELURAHAN,JAKARTA TIMUR,DUREN SAWIT,PONDOK KOPI,,,LINTAS SEKTOR,FINANSIAL,ATM,4
KELURAHAN,JAKARTA SELATAN,CILANDAK,PONDOK LABU,,,LINTAS SEKTOR,FINANSIAL,ATM,42
KELURAHAN,JAKARTA SELATAN,KEBAYORAN LAMA,PONDOK PINANG,,,LINTAS SEKTOR,FINANSIAL,ATM,226
KELURAHAN,JAKARTA TIMUR,CIPAYUNG,PONDOK RANGGON,,,LINTAS SEKTOR,FINANSIAL,ATM,1
KELURAHAN,JAKARTA SELATAN,KEBAYORAN BARU,PULO,,,LINTAS SEKTOR,FINANSIAL,ATM,237
KELURAHAN,JAKARTA TIMUR,PULOGADUNG,PULO GADUNG,,,LINTAS SEKTOR,FINANSIAL,ATM,17
KELURAHAN,JAKARTA TIMUR,CAKUNG,PULO GEBANG,,,LINTAS SEKTOR,FINANSIAL,ATM,29
KELURAHAN,JAKARTA SELATAN,PASAR MINGGU,RAGUNAN,,,LINTAS SEKTOR,FINANSIAL,ATM,60
KELURAHAN,JAKARTA TIMUR,CIRACAS,RAMBUTAN,,,LINTAS SEKTOR,FINANSIAL,ATM,15
KELURAHAN,JAKARTA UTARA,KOJA,RAWABADAK UTARA,,,LINTAS SEKTOR,FINANSIAL,ATM,83
KELURAHAN,JAKARTA SELATAN,KEBAYORAN BARU,RAWA BARAT,,,LINTAS SEKTOR,FINANSIAL,ATM,76
KELURAHAN,JAKARTA BARAT,CENGKARENG,RAWA BUAYA,,,LINTAS SEKTOR,FINANSIAL,ATM,28
KELURAHAN,JAKARTA TIMUR,JATINEGARA,RAWA BUNGA,,,LINTAS SEKTOR,FINANSIAL,ATM,10
KELURAHAN,JAKARTA SELATAN,PANCORAN,RAWAJATI,,,LINTAS SEKTOR,FINANSIAL,ATM,39
KELURAHAN,JAKARTA TIMUR,CAKUNG,RAWA TERATE,,,LINTAS SEKTOR,FINANSIAL,ATM,23
KELURAHAN,JAKARTA SELATAN,PANCORAN,RAWAJATI,,,LINTAS SEKTOR,FINANSIAL,ATM,1
KELURAHAN,JAKARTA TIMUR,PULOGADUNG,RAWAMANGUN,,,LINTAS SEKTOR,FINANSIAL,ATM,230
KELURAHAN,JAKARTA PUSAT,CEMPAKA PUTIH,RAWA SARI,,,LINTAS SEKTOR,FINANSIAL,ATM,49
KELURAHAN,JAKARTA BARAT,TAMBORA,ROA MALAKA,,,LINTAS SEKTOR,FINANSIAL,ATM,79
KELURAHAN,JAKARTA UTARA,CILINCING,ROROTAN,,,LINTAS SEKTOR,FINANSIAL,ATM,52
KELURAHAN,JAKARTA SELATAN,KEBAYORAN BARU,SELONG,,,LINTAS SEKTOR,FINANSIAL,ATM,24
KELURAHAN,JAKARTA BARAT,KALIDERES,SEMANAN,,,LINTAS SEKTOR,FINANSIAL,ATM,15
KELURAHAN,JAKARTA UTARA,CILINCING,SEMPER TIMUR,,,LINTAS SEKTOR,FINANSIAL,ATM,35
KELURAHAN,JAKARTA SELATAN,KEBAYORAN BARU,SENAYAN,,,LINTAS SEKTOR,FINANSIAL,ATM,207
KELURAHAN,JAKARTA PUSAT,SENEN,SENEN,,,LINTAS SEKTOR,FINANSIAL,ATM,146
KELURAHAN,JAKARTA PUSAT,KEMAYORAN,SERDANG,,,LINTAS SEKTOR,FINANSIAL,ATM,4
KELURAHAN,JAKARTA SELATAN,SETIA BUDI,SETIA BUDI,,,LINTAS SEKTOR,FINANSIAL,ATM,67
KELURAHAN,JAKARTA TIMUR,CIPAYUNG,SETU,,,LINTAS SEKTOR,FINANSIAL,ATM,9
KELURAHAN,JAKARTA BARAT,PALMERAH,SLIPI,,,LINTAS SEKTOR,FINANSIAL,ATM,52
KELURAHAN,JAKARTA BARAT,KEMBANGAN,SRENGSENG,,,LINTAS SEKTOR,FINANSIAL,ATM,49
KELURAHAN,JAKARTA SELATAN,JAGAKARSA,SRENGSENG SAWAH,,,LINTAS SEKTOR,FINANSIAL,ATM,14
KELURAHAN,JAKARTA BARAT,KEBONJERUK,SUKABUMI SELATAN,,,LINTAS SEKTOR,FINANSIAL,ATM,20
KELURAHAN,JAKARTA BARAT,KEBONJERUK,SUKABUMI UTARA,,,LINTAS SEKTOR,FINANSIAL,ATM,18
KELURAHAN,JAKARTA PUSAT,KEMAYORAN,SUMUR BATU,,,LINTAS SEKTOR,FINANSIAL,ATM,3
KELURAHAN,JAKARTA UTARA,TANJUNG PRIOK,SUNGAI BAMBU,,,LINTAS SEKTOR,FINANSIAL,ATM,41
KELURAHAN,JAKARTA UTARA,TANJUNG PRIOK,SUNTER AGUNG,,,LINTAS SEKTOR,FINANSIAL,ATM,9
KELURAHAN,JAKARTA UTARA,TANJUNG PRIOK,SUNTER JAYA,,,LINTAS SEKTOR,FINANSIAL,ATM,241
KELURAHAN,JAKARTA TIMUR,CIRACAS,SUSUKAN,,,LINTAS SEKTOR,FINANSIAL,ATM,31
KELURAHAN,JAKARTA BARAT,TAMANSARI,TAMAN SARI,,,LINTAS SEKTOR,FINANSIAL,ATM,43
KELURAHAN,JAKARTA BARAT,TAMBORA,TAMBORA,,,LINTAS SEKTOR,FINANSIAL,ATM,31
KELURAHAN,JAKARTA BARAT,TAMBORA,TANAH SEREAL,,,LINTAS SEKTOR,FINANSIAL,ATM,22
KELURAHAN,JAKARTA PUSAT,JOHAR BARU,TANAH TINGGI,,,LINTAS SEKTOR,FINANSIAL,ATM,12
KELURAHAN,JAKARTA BARAT,TAMANSARI,TANGKI,,,LINTAS SEKTOR,FINANSIAL,ATM,24
KELURAHAN,JAKARTA SELATAN,JAGAKARSA,TANJUNG BARAT,,,LINTAS SEKTOR,FINANSIAL,ATM,54
KELURAHAN,JAKARTA BARAT,GROGOLPETAMBURAN,TANJUNG DUREN UTARA,,,LINTAS SEKTOR,FINANSIAL,ATM,250
KELURAHAN,JAKARTA UTARA,TANJUNG PRIOK,TANJUNG PRIUK,,,LINTAS SEKTOR,FINANSIAL,ATM,86
KELURAHAN,JAKARTA SELATAN,TEBET,TEBET BARAT,,,LINTAS SEKTOR,FINANSIAL,ATM,75
KELURAHAN,JAKARTA SELATAN,TEBET,TEBET TIMUR,,,LINTAS SEKTOR,FINANSIAL,ATM,56
KELURAHAN,JAKARTA BARAT,KALIDERES,TEGAL ALUR,,,LINTAS SEKTOR,FINANSIAL,ATM,36
KELURAHAN,JAKARTA SELATAN,MAMPANG PRAPATAN,TEGAL PARANG,,,LINTAS SEKTOR,FINANSIAL,ATM,157
KELURAHAN,JAKARTA BARAT,GROGOLPETAMBURAN,TOMANG,,,LINTAS SEKTOR,FINANSIAL,ATM,104
KELURAHAN,JAKARTA UTARA,KOJA,TUGU SELATAN,,,LINTAS SEKTOR,FINANSIAL,ATM,3
KELURAHAN,JAKARTA UTARA,KOJA,TUGU UTARA,,,LINTAS SEKTOR,FINANSIAL,ATM,49
KELURAHAN,JAKARTA TIMUR,CAKUNG,UJUNG MENTENG,,,LINTAS SEKTOR,FINANSIAL,ATM,29
KELURAHAN,JAKARTA SELATAN,PESANGGRAHAN,ULUJAMI,,,LINTAS SEKTOR,FINANSIAL,ATM,29
KELURAHAN,JAKARTA TIMUR,MATRAMAN,UTAN KAYU UTARA,,,LINTAS SEKTOR,FINANSIAL,ATM,29
KELURAHAN,JAKARTA PUSAT,KEMAYORAN,UTAN PANJANG,,,LINTAS SEKTOR,FINANSIAL,ATM,19
KELURAHAN,JAKARTA UTARA,TANJUNG PRIOK,WARAKAS,,,LINTAS SEKTOR,FINANSIAL,ATM,24
KELURAHAN,JAKARTA UTARA,PADEMANGAN,ANCOL,,,LINTAS SEKTOR,FINANSIAL,PEGADAIAN,1
KELURAHAN,JAKARTA BARAT,TAMBORA,ANGKE,,,LINTAS SEKTOR,FINANSIAL,PEGADAIAN,1
KELURAHAN,JAKARTA TIMUR,KRAMATJATI,BALE KAMBANG,,,LINTAS SEKTOR,FINANSIAL,PEGADAIAN,1
KELURAHAN,JAKARTA TIMUR,JATINEGARA,BALI MESTER,,,LINTAS SEKTOR,FINANSIAL,PEGADAIAN,2
KELURAHAN,JAKARTA SELATAN,MAMPANG PRAPATAN,BANGKA,,,LINTAS SEKTOR,FINANSIAL,PEGADAIAN,2
KELURAHAN,JAKARTA TIMUR,KRAMATJATI,BATU AMPAR,,,LINTAS SEKTOR,FINANSIAL,PEGADAIAN,1
KELURAHAN,JAKARTA PUSAT,TANAHABANG,BENDUNGAN HILIR,,,LINTAS SEKTOR,FINANSIAL,PEGADAIAN,3
KELURAHAN,JAKARTA TIMUR,JATINEGARA,BIDARA CINA,,,LINTAS SEKTOR,FINANSIAL,PEGADAIAN,1
KELURAHAN,JAKARTA SELATAN,JAGAKARSA,BINTARO,,,LINTAS SEKTOR,FINANSIAL,PEGADAIAN,3
KELURAHAN,JAKARTA SELATAN,TEBET,BUKIT DURI,,,LINTAS SEKTOR,FINANSIAL,PEGADAIAN,1
KELURAHAN,JAKARTA PUSAT,SENEN,BUNGUR,,,LINTAS SEKTOR,FINANSIAL,PEGADAIAN,2
KELURAHAN,JAKARTA TIMUR,CAKUNG,CAKUNG TIMUR,,,LINTAS SEKTOR,FINANSIAL,PEGADAIAN,5
KELURAHAN,JAKARTA TIMUR,KRAMATJATI,CAWANG,,,LINTAS SEKTOR,FINANSIAL,PEGADAIAN,1
KELURAHAN,JAKARTA TIMUR,CIPAYUNG,CEGER,,,LINTAS SEKTOR,FINANSIAL,PEGADAIAN,1
KELURAHAN,JAKARTA PUSAT,CEMPAKA PUTIH,CEMPAKA PUTIH BARAT,,,LINTAS SEKTOR,FINANSIAL,PEGADAIAN,4
KELURAHAN,JAKARTA PUSAT,CEMPAKA PUTIH,CEMPAKA PUTIH TIMUR,,,LINTAS SEKTOR,FINANSIAL,PEGADAIAN,3
KELURAHAN,JAKARTA BARAT,CENGKARENG,CENGKARENG BARAT,,,LINTAS SEKTOR,FINANSIAL,PEGADAIAN,1
KELURAHAN,JAKARTA BARAT,CENGKARENG,CENGKARENG TIMUR,,,LINTAS SEKTOR,FINANSIAL,PEGADAIAN,4
KELURAHAN,JAKARTA TIMUR,CIRACAS,CIBUBUR,,,LINTAS SEKTOR,FINANSIAL,PEGADAIAN,3
KELURAHAN,JAKARTA PUSAT,GAMBIR,CIDENG,,,LINTAS SEKTOR,FINANSIAL,PEGADAIAN,1
KELURAHAN,JAKARTA SELATAN,JAGAKARSA,CIGANJUR,,,LINTAS SEKTOR,FINANSIAL,PEGADAIAN,1
KELURAHAN,JAKARTA TIMUR,PASARREBO,CIJANTUNG,,,LINTAS SEKTOR,FINANSIAL,PEGADAIAN,2
KELURAHAN,JAKARTA PUSAT,MENTENG,CIKINI,,,LINTAS SEKTOR,FINANSIAL,PEGADAIAN,2
KELURAHAN,JAKARTA SELATAN,CILANDAK,CILANDAK BARAT,,,LINTAS SEKTOR,FINANSIAL,PEGADAIAN,3
KELURAHAN,JAKARTA TIMUR,KRAMATJATI,CILILITAN,,,LINTAS SEKTOR,FINANSIAL,PEGADAIAN,2
KELURAHAN,JAKARTA UTARA,CILINCING,CILINCING,,,LINTAS SEKTOR,FINANSIAL,PEGADAIAN,1
KELURAHAN,JAKARTA TIMUR,CIPAYUNG,CIPAYUNG,,,LINTAS SEKTOR,FINANSIAL,PEGADAIAN,2
KELURAHAN,JAKARTA SELATAN,JAGAKARSA,CIPEDAK,,,LINTAS SEKTOR,FINANSIAL,PEGADAIAN,2
KELURAHAN,JAKARTA SELATAN,CILANDAK,CIPETE SELATAN,,,LINTAS SEKTOR,FINANSIAL,PEGADAIAN,7
KELURAHAN,JAKARTA TIMUR,JATINEGARA,CIPINANG BESAR UTARA,,,LINTAS SEKTOR,FINANSIAL,PEGADAIAN,3
KELURAHAN,JAKARTA TIMUR,JATINEGARA,CIPINANG CEMPEDAK,,,LINTAS SEKTOR,FINANSIAL,PEGADAIAN,3
KELURAHAN,JAKARTA TIMUR,JATINEGARA,CIPINANG MUARA,,,LINTAS SEKTOR,FINANSIAL,PEGADAIAN,3
KELURAHAN,JAKARTA TIMUR,PULOGADUNG,CIPINANG,,,LINTAS SEKTOR,FINANSIAL,PEGADAIAN,1
KELURAHAN,JAKARTA SELATAN,KEBAYORAN LAMA,CIPULIR,,,LINTAS SEKTOR,FINANSIAL,PEGADAIAN,4
KELURAHAN,JAKARTA TIMUR,CIRACAS,CIRACAS,,,LINTAS SEKTOR,FINANSIAL,PEGADAIAN,2
KELURAHAN,JAKARTA TIMUR,KRAMATJATI,DUKUH,,,LINTAS SEKTOR,FINANSIAL,PEGADAIAN,1
KELURAHAN,JAKARTA TIMUR,DUREN SAWIT,DUREN SAWIT,,,LINTAS SEKTOR,FINANSIAL,PEGADAIAN,4
KELURAHAN,JAKARTA SELATAN,PANCORAN,DUREN TIGA,,,LINTAS SEKTOR,FINANSIAL,PEGADAIAN,2
KELURAHAN,JAKARTA BARAT,KEBONJERUK,DURI KEPA,,,LINTAS SEKTOR,FINANSIAL,PEGADAIAN,1
KELURAHAN,JAKARTA BARAT,CENGKARENG,DURI KOSAMBI,,,LINTAS SEKTOR,FINANSIAL,PEGADAIAN,3
KELURAHAN,JAKARTA BARAT,TAMBORA,DURI SELATAN,,,LINTAS SEKTOR,FINANSIAL,PEGADAIAN,2
KELURAHAN,JAKARTA SELATAN,CILANDAK,GANDARIA SELATAN,,,LINTAS SEKTOR,FINANSIAL,PEGADAIAN,1
KELURAHAN,JAKARTA SELATAN,KEBAYORAN BARU,GANDARIA UTARA,,,LINTAS SEKTOR,FINANSIAL,PEGADAIAN,2
KELURAHAN,JAKARTA TIMUR,PASARREBO,GEDONG,,,LINTAS SEKTOR,FINANSIAL,PEGADAIAN,3
KELURAHAN,JAKARTA PUSAT,MENTENG,GONDANGDIA,,,LINTAS SEKTOR,FINANSIAL,PEGADAIAN,1
KELURAHAN,JAKARTA SELATAN,KABAYORAN LAMA,GROGOL SELATAN,,,LINTAS SEKTOR,FINANSIAL,PEGADAIAN,2
KELURAHAN,JAKARTA SELATAN,KEBAYORAN LAMA,GROGOL UTARA,,,LINTAS SEKTOR,FINANSIAL,PEGADAIAN,3
KELURAHAN,JAKARTA BARAT,GROGOLPETAMBURAN,GROGOL,,,LINTAS SEKTOR,FINANSIAL,PEGADAIAN,3
KELURAHAN,JAKARTA PUSAT,SAWAH BESAR,GUNUNG SAHARI UTARA,,,LINTAS SEKTOR,FINANSIAL,PEGADAIAN,1
KELURAHAN,JAKARTA SELATAN,KEBAYORAN BARU,GUNUNG,,,LINTAS SEKTOR,FINANSIAL,PEGADAIAN,2
KELURAHAN,JAKARTA TIMUR,MAKASAR,HALIM PERDANA KUSUMAH,,,LINTAS SEKTOR,FINANSIAL,PEGADAIAN,1
KELURAHAN,JAKARTA PUSAT,KEMAYORAN,HARAPAN MULYA,,,LINTAS SEKTOR,FINANSIAL,PEGADAIAN,2
KELURAHAN,JAKARTA SELATAN,JAGAKARSA,JAGAKARSA,,,LINTAS SEKTOR,FINANSIAL,PEGADAIAN,4
KELURAHAN,JAKARTA SELATAN,PASAR MINGGU,JATI PADANG,,,LINTAS SEKTOR,FINANSIAL,PEGADAIAN,1
KELURAHAN,JAKARTA TIMUR,PULOGADUNG,JATI,,,LINTAS SEKTOR,FINANSIAL,PEGADAIAN,1
KELURAHAN,JAKARTA TIMUR,PULOGADUNG,JATINEGARA KAUM,,,LINTAS SEKTOR,FINANSIAL,PEGADAIAN,3
KELURAHAN,JAKARTA TIMUR,CAKUNG,JATINEGARA,,,LINTAS SEKTOR,FINANSIAL,PEGADAIAN,1
KELURAHAN,JAKARTA BARAT,GROGOLPETAMBURAN,JELAMBAR BARU,,,LINTAS SEKTOR,FINANSIAL,PEGADAIAN,1
KELURAHAN,JAKARTA BARAT,GROGOLPETAMBURAN,JELAMBAR,,,LINTAS SEKTOR,FINANSIAL,PEGADAIAN,2
KELURAHAN,JAKARTA BARAT,TAMBORA,JEMBATAN BESI,,,LINTAS SEKTOR,FINANSIAL,PEGADAIAN,1
KELURAHAN,JAKARTA BARAT,KEMBANGAN,JOGLO,,,LINTAS SEKTOR,FINANSIAL,PEGADAIAN,1
KELURAHAN,JAKARTA PUSAT,JOHAR BARU,JOHAR BARU,,,LINTAS SEKTOR,FINANSIAL,PEGADAIAN,2
KELURAHAN,JAKARTA UTARA,CILINCING,KALI BARU,,,LINTAS SEKTOR,FINANSIAL,PEGADAIAN,1
KELURAHAN,JAKARTA SELATAN,PANCORAN,KALIBATA,,,LINTAS SEKTOR,FINANSIAL,PEGADAIAN,2
KELURAHAN,JAKARTA BARAT,KALIDERES,KALIDERES,,,LINTAS SEKTOR,FINANSIAL,PEGADAIAN,3
KELURAHAN,JAKARTA TIMUR,PASARREBO,KALISARI,,,LINTAS SEKTOR,FINANSIAL,PEGADAIAN,2
KELURAHAN,JAKARTA UTARA,PENJARINGAN,KAMAL MUARA,,,LINTAS SEKTOR,FINANSIAL,PEGADAIAN,2
KELURAHAN,JAKARTA PUSAT,JOHAR BARU,KAMPUNG RAWA,,,LINTAS SEKTOR,FINANSIAL,PEGADAIAN,1
KELURAHAN,JAKARTA TIMUR,KRAMATJATI,KAMPUNG TENGAH,,,LINTAS SEKTOR,FINANSIAL,PEGADAIAN,1
KELURAHAN,JAKARTA BARAT,CENGKARENG,KAPUK,,,LINTAS SEKTOR,FINANSIAL,PEGADAIAN,2
KELURAHAN,JAKARTA PUSAT,SAWAH BESAR,KARANG ANYAR,,,LINTAS SEKTOR,FINANSIAL,PEGADAIAN,1
KELURAHAN,JAKARTA SELATAN,SETIABUDI,KARET KUNINGAN,,,LINTAS SEKTOR,FINANSIAL,PEGADAIAN,3
KELURAHAN,JAKARTA SELATAN,SETIA BUDI,KARET,,,LINTAS SEKTOR,FINANSIAL,PEGADAIAN,3
KELURAHAN,JAKARTA PUSAT,SAWAH BESAR,KARTINI,,,LINTAS SEKTOR,FINANSIAL,PEGADAIAN,1
KELURAHAN,JAKARTA TIMUR,MATRAMAN,KAYU MANIS,,,LINTAS SEKTOR,FINANSIAL,PEGADAIAN,1
KELURAHAN,JAKARTA TIMUR,PULOGADUNG,KAYU PUTIH,,,LINTAS SEKTOR,FINANSIAL,PEGADAIAN,2
KELURAHAN,JAKARTA BARAT,TAMANSARI,KEAGUNGAN,,,LINTAS SEKTOR,FINANSIAL,PEGADAIAN,1
KELURAHAN,JAKARTA SELATAN,PASAR MINGGU,KEBAGUSAN,,,LINTAS SEKTOR,FINANSIAL,PEGADAIAN,2
KELURAHAN,JAKARTA SELATAN,KEBAYORAN LAMA,KEBAYORAN LAMA SELATAN,,,LINTAS SEKTOR,FINANSIAL,PEGADAIAN,3
KELURAHAN,JAKARTA SELATAN,TEBET,KEBON BARU,,,LINTAS SEKTOR,FINANSIAL,PEGADAIAN,2
KELURAHAN,JAKARTA UTARA,TANJUNG PRIOK,KEBON BAWANG,,,LINTAS SEKTOR,FINANSIAL,PEGADAIAN,2
KELURAHAN,JAKARTA BARAT,KEBONJERUK,KEBON JERUK,,,LINTAS SEKTOR,FINANSIAL,PEGADAIAN,1
KELURAHAN,JAKARTA PUSAT,TANAHABANG,KEBON KACANG,,,LINTAS SEKTOR,FINANSIAL,PEGADAIAN,2
KELURAHAN,JAKARTA PUSAT,KEMAYORAN,KEBON KOSONG,,,LINTAS SEKTOR,FINANSIAL,PEGADAIAN,3
KELURAHAN,JAKARTA TIMUR,MATRAMAN,KEBON MANGGIS,,,LINTAS SEKTOR,FINANSIAL,PEGADAIAN,1
KELURAHAN,JAKARTA PUSAT,TANAHABANG,KEBON MELATI,,,LINTAS SEKTOR,FINANSIAL,PEGADAIAN,3
KELURAHAN,JAKARTA TIMUR,MAKASAR,KEBON PALA,,,LINTAS SEKTOR,FINANSIAL,PEGADAIAN,1
KELURAHAN,JAKARTA PUSAT,MENTENG,KEBON SIRIH,,,LINTAS SEKTOR,FINANSIAL,PEGADAIAN,2
KELURAHAN,JAKARTA BARAT,KEBONJERUK,KEDOYA SELATAN,,,LINTAS SEKTOR,FINANSIAL,PEGADAIAN,2
KELURAHAN,JAKARTA BARAT,KEBONJERUK,KEDOYA UTARA,,,LINTAS SEKTOR,FINANSIAL,PEGADAIAN,2
KELURAHAN,JAKARTA TIMUR,CIRACAS,KELAPA DUA WETAN,,,LINTAS SEKTOR,FINANSIAL,PEGADAIAN,1
KELURAHAN,JAKARTA BARAT,KEBONJERUK,KELAPA DUA,,,LINTAS SEKTOR,FINANSIAL,PEGADAIAN,1
KELURAHAN,JAKARTA UTARA,KELAPA GADING,KELAPA GADING TIMUR,,,LINTAS SEKTOR,FINANSIAL,PEGADAIAN,7
KELURAHAN,JAKARTA BARAT,PALMERAH,KEMANGGISAN,,,LINTAS SEKTOR,FINANSIAL,PEGADAIAN,1
KELURAHAN,JAKARTA PUSAT,KEMAYORAN,KEMAYORAN,,,LINTAS SEKTOR,FINANSIAL,PEGADAIAN,2
KELURAHAN,JAKARTA BARAT,KEMBANGAN,KEMBANGAN UTARA,,,LINTAS SEKTOR,FINANSIAL,PEGADAIAN,3
KELURAHAN,JAKARTA PUSAT,SENEN,KENARI,,,LINTAS SEKTOR,FINANSIAL,PEGADAIAN,2
KELURAHAN,JAKARTA TIMUR,DUREN SAWIT,KLENDER,,,LINTAS SEKTOR,FINANSIAL,PEGADAIAN,2
KELURAHAN,JAKARTA UTARA,KOJA,KOJA,,,LINTAS SEKTOR,FINANSIAL,PEGADAIAN,1
KELURAHAN,JAKARTA BARAT,PALMERAH,KOTA BAMBU SELATAN,,,LINTAS SEKTOR,FINANSIAL,PEGADAIAN,1
KELURAHAN,JAKARTA TIMUR,KRAMATJATI,KRAMAT JATI,,,LINTAS SEKTOR,FINANSIAL,PEGADAIAN,4
KELURAHAN,JAKARTA BARAT,TAMBORA,KRENDANG,,,LINTAS SEKTOR,FINANSIAL,PEGADAIAN,1
KELURAHAN,JAKARTA BARAT,TAMANSARI,KRUKUT,,,LINTAS SEKTOR,FINANSIAL,PEGADAIAN,1
KELURAHAN,JAKARTA SELATAN,MAMPANG PRAPATAN,KUNINGAN BARAT,,,LINTAS SEKTOR,FINANSIAL,PEGADAIAN,1
KELURAHAN,JAKARTA PUSAT,SENEN,KWITANG,,,LINTAS SEKTOR,FINANSIAL,PEGADAIAN,1
KELURAHAN,JAKARTA UTARA,KOJA,LAGOA,,,LINTAS SEKTOR,FINANSIAL,PEGADAIAN,1
KELURAHAN,JAKARTA SELATAN,CILANDAK,LEBAK BULUS,,,LINTAS SEKTOR,FINANSIAL,PEGADAIAN,5
KELURAHAN,JAKARTA SELATAN,JAGAKARSA,LENTENG AGUNG,,,LINTAS SEKTOR,FINANSIAL,PEGADAIAN,6
KELURAHAN,JAKARTA TIMUR,CIPAYUNG,LUBANG BUAYA,,,LINTAS SEKTOR,FINANSIAL,PEGADAIAN,2
KELURAHAN,JAKARTA TIMUR,MAKASAR,MAKASAR,,,LINTAS SEKTOR,FINANSIAL,PEGADAIAN,1
KELURAHAN,JAKARTA TIMUR,DUREN SAWIT,MALAKA JAYA,,,LINTAS SEKTOR,FINANSIAL,PEGADAIAN,1
KELURAHAN,JAKARTA TIMUR,DUREN SAWIT,MALAKA SARI,,,LINTAS SEKTOR,FINANSIAL,PEGADAIAN,1
KELURAHAN,JAKARTA SELATAN,MAMPANG PRAPATAN,MAMPANG PRAPATAN,,,LINTAS SEKTOR,FINANSIAL,PEGADAIAN,2
KELURAHAN,JAKARTA BARAT,TAMANSARI,MANGGA BESAR,,,LINTAS SEKTOR,FINANSIAL,PEGADAIAN,1
KELURAHAN,JAKARTA PUSAT,SAWAH BESAR,MANGGA DUA SELATAN,,,LINTAS SEKTOR,FINANSIAL,PEGADAIAN,1
KELURAHAN,JAKARTA SELATAN,TEBET,MANGGARAI SELATAN,,,LINTAS SEKTOR,FINANSIAL,PEGADAIAN,4
KELURAHAN,JAKARTA BARAT,TAMANSARI,MAPHAR,,,LINTAS SEKTOR,FINANSIAL,PEGADAIAN,3
KELURAHAN,JAKARTA SELATAN,KEBAYORAN BARU,MELAWAI,,,LINTAS SEKTOR,FINANSIAL,PEGADAIAN,1
KELURAHAN,JAKARTA SELATAN,SETIABUDI,MENTENG ATAS,,,LINTAS SEKTOR,FINANSIAL,PEGADAIAN,2
KELURAHAN,JAKARTA BARAT,KEMBANGAN,MERUYA SELATAN,,,LINTAS SEKTOR,FINANSIAL,PEGADAIAN,2
KELURAHAN,JAKARTA BARAT,KEMBANGAN,MERUYA UTARA,,,LINTAS SEKTOR,FINANSIAL,PEGADAIAN,3
KELURAHAN,JAKARTA UTARA,PADEMANGAN,PADEMANGAN BARAT,,,LINTAS SEKTOR,FINANSIAL,PEGADAIAN,3
KELURAHAN,JAKARTA UTARA,PADEMANGAN,PADEMANGAN TIMUR,,,LINTAS SEKTOR,FINANSIAL,PEGADAIAN,3
KELURAHAN,JAKARTA TIMUR,MATRAMAN,PAL MERIEM,,,LINTAS SEKTOR,FINANSIAL,PEGADAIAN,1
KELURAHAN,JAKARTA BARAT,PALMERAH,PALMERAH,,,LINTAS SEKTOR,FINANSIAL,PEGADAIAN,6
KELURAHAN,JAKARTA SELATAN,PANCORAN,PANCORAN,,,LINTAS SEKTOR,FINANSIAL,PEGADAIAN,1
KELURAHAN,JAKARTA PUSAT,SAWAH BESAR,PASAR BARU,,,LINTAS SEKTOR,FINANSIAL,PEGADAIAN,2
KELURAHAN,JAKARTA SELATAN,SETIA BUDI,PASAR MANGGIS,,,LINTAS SEKTOR,FINANSIAL,PEGADAIAN,2
KELURAHAN,JAKARTA SELATAN,PASAR MINGGU,PASAR MINGGU,,,LINTAS SEKTOR,FINANSIAL,PEGADAIAN,2
KELURAHAN,JAKARTA PUSAT,SENEN,PASEBAN,,,LINTAS SEKTOR,FINANSIAL,PEGADAIAN,1
KELURAHAN,JAKARTA BARAT,KALIDERES,PEGADUNGAN,,,LINTAS SEKTOR,FINANSIAL,PEGADAIAN,2
KELURAHAN,JAKARTA UTARA,KELAPA GADING,PEGANGSAAN DUA,,,LINTAS SEKTOR,FINANSIAL,PEGADAIAN,6
KELURAHAN,JAKARTA PUSAT,MENTENG,PEGANGSAAN,,,LINTAS SEKTOR,FINANSIAL,PEGADAIAN,1
KELURAHAN,JAKARTA UTARA,PENJARINGAN,PEJAGALAN,,,LINTAS SEKTOR,FINANSIAL,PEGADAIAN,2
KELURAHAN,JAKARTA SELATAN,PASAR MINGGU,PEJATEN BARAT,,,LINTAS SEKTOR,FINANSIAL,PEGADAIAN,1
KELURAHAN,JAKARTA SELATAN,PASAR MINGGU,PEJATEN TIMUR,,,LINTAS SEKTOR,FINANSIAL,PEGADAIAN,4
KELURAHAN,JAKARTA TIMUR,PASARREBO,PEKAYON,,,LINTAS SEKTOR,FINANSIAL,PEGADAIAN,2
KELURAHAN,JAKARTA SELATAN,MAMPANG PRAPATAN,PELA MAMPANG,,,LINTAS SEKTOR,FINANSIAL,PEGADAIAN,1
KELURAHAN,JAKARTA SELATAN,PANCORAN,PENGADEGAN,,,LINTAS SEKTOR,FINANSIAL,PEGADAIAN,1
KELURAHAN,JAKARTA TIMUR,CAKUNG,PENGGILINGAN,,,LINTAS SEKTOR,FINANSIAL,PEGADAIAN,3
KELURAHAN,JAKARTA UTARA,PENJARINGAN,PENJARINGAN,,,LINTAS SEKTOR,FINANSIAL,PEGADAIAN,3
KELURAHAN,JAKARTA SELATAN,PESANGGRAHAN,PESANGGRAHAN,,,LINTAS SEKTOR,FINANSIAL,PEGADAIAN,3
KELURAHAN,JAKARTA PUSAT,TANAHABANG,PETAMBURAN,,,LINTAS SEKTOR,FINANSIAL,PEGADAIAN,1
KELURAHAN,JAKARTA SELATAN,KEBAYORAN BARU,PETOGOGAN,,,LINTAS SEKTOR,FINANSIAL,PEGADAIAN,2
KELURAHAN,JAKARTA SELATAN,PESANGGRAHAN,PETUKANGAN SELATAN,,,LINTAS SEKTOR,FINANSIAL,PEGADAIAN,1
KELURAHAN,JAKARTA TIMUR,MAKASAR,PINANG RANTI,,,LINTAS SEKTOR,FINANSIAL,PEGADAIAN,2
KELURAHAN,JAKARTA TIMUR,MATRAMAN,PISANGAN BARU,,,LINTAS SEKTOR,FINANSIAL,PEGADAIAN,1
KELURAHAN,JAKARTA TIMUR,PULOGADUNG,PISANGAN TIMUR,,,LINTAS SEKTOR,FINANSIAL,PEGADAIAN,1
KELURAHAN,JAKARTA UTARA,PENJARINGAN,PLUIT,,,LINTAS SEKTOR,FINANSIAL,PEGADAIAN,2
KELURAHAN,JAKARTA TIMUR,DUREN SAWIT,PONDOK BAMBU,,,LINTAS SEKTOR,FINANSIAL,PEGADAIAN,5
KELURAHAN,JAKARTA TIMUR,DUREN SAWIT,PONDOK KELAPA,,,LINTAS SEKTOR,FINANSIAL,PEGADAIAN,5
KELURAHAN,JAKARTA TIMUR,DUREN SAWIT,PONDOK KOPI,,,LINTAS SEKTOR,FINANSIAL,PEGADAIAN,2
KELURAHAN,JAKARTA SELATAN,CILANDAK,PONDOK LABU,,,LINTAS SEKTOR,FINANSIAL,PEGADAIAN,4
KELURAHAN,JAKARTA SELATAN,KEBAYORAN LAMA,PONDOK PINANG,,,LINTAS SEKTOR,FINANSIAL,PEGADAIAN,4
KELURAHAN,JAKARTA TIMUR,PULOGADUNG,PULO GADUNG,,,LINTAS SEKTOR,FINANSIAL,PEGADAIAN,2
KELURAHAN,JAKARTA TIMUR,CAKUNG,PULO GEBANG,,,LINTAS SEKTOR,FINANSIAL,PEGADAIAN,2
KELURAHAN,JAKARTA SELATAN,KEBAYORAN BARU,PULO,,,LINTAS SEKTOR,FINANSIAL,PEGADAIAN,4
KELURAHAN,JAKARTA SELATAN,PASAR MINGGU,RAGUNAN,,,LINTAS SEKTOR,FINANSIAL,PEGADAIAN,3
KELURAHAN,JAKARTA TIMUR,CIRACAS,RAMBUTAN,,,LINTAS SEKTOR,FINANSIAL,PEGADAIAN,1
KELURAHAN,JAKARTA UTARA,KOJA,RAWABADAK SELATAN,,,LINTAS SEKTOR,FINANSIAL,PEGADAIAN,1
KELURAHAN,JAKARTA UTARA,KOJA,RAWABADAK UTARA,,,LINTAS SEKTOR,FINANSIAL,PEGADAIAN,3
KELURAHAN,JAKARTA BARAT,CENGKARENG,RAWA BUAYA,,,LINTAS SEKTOR,FINANSIAL,PEGADAIAN,1
KELURAHAN,JAKARTA SELATAN,PANCORAN,RAWAJATI,,,LINTAS SEKTOR,FINANSIAL,PEGADAIAN,2
KELURAHAN,JAKARTA TIMUR,PULOGADUNG,RAWAMANGUN,,,LINTAS SEKTOR,FINANSIAL,PEGADAIAN,5
KELURAHAN,JAKARTA PUSAT,CEMPAKA PUTIH,RAWA SARI,,,LINTAS SEKTOR,FINANSIAL,PEGADAIAN,3
KELURAHAN,JAKARTA UTARA,CILINCING,ROROTAN,,,LINTAS SEKTOR,FINANSIAL,PEGADAIAN,1
KELURAHAN,JAKARTA BARAT,KALIDERES,SEMANAN,,,LINTAS SEKTOR,FINANSIAL,PEGADAIAN,1
KELURAHAN,JAKARTA UTARA,CILINCING,SEMPER BARAT,,,LINTAS SEKTOR,FINANSIAL,PEGADAIAN,2
KELURAHAN,JAKARTA UTARA,CILINCING,SEMPER TIMUR,,,LINTAS SEKTOR,FINANSIAL,PEGADAIAN,1
KELURAHAN,JAKARTA PUSAT,SENEN,SENEN,,,LINTAS SEKTOR,FINANSIAL,PEGADAIAN,3
KELURAHAN,JAKARTA PUSAT,KEMAYORAN,SERDANG,,,LINTAS SEKTOR,FINANSIAL,PEGADAIAN,2
KELURAHAN,JAKARTA BARAT,PALMERAH,SLIPI,,,LINTAS SEKTOR,FINANSIAL,PEGADAIAN,1
KELURAHAN,JAKARTA SELATAN,JAGAKARSA,SRENGSENG SAWAH,,,LINTAS SEKTOR,FINANSIAL,PEGADAIAN,1
KELURAHAN,JAKARTA BARAT,KEMBANGAN,SRENGSENG,,,LINTAS SEKTOR,FINANSIAL,PEGADAIAN,2
KELURAHAN,JAKARTA BARAT,KEBONJERUK,SUKABUMI SELATAN,,,LINTAS SEKTOR,FINANSIAL,PEGADAIAN,1
KELURAHAN,JAKARTA BARAT,KEBONJERUK,SUKABUMI UTARA,,,LINTAS SEKTOR,FINANSIAL,PEGADAIAN,3
KELURAHAN,JAKARTA UTARA,CILINCING,SUKA PURA,,,LINTAS SEKTOR,FINANSIAL,PEGADAIAN,3
KELURAHAN,JAKARTA PUSAT,KEMAYORAN,SUMUR BATU,,,LINTAS SEKTOR,FINANSIAL,PEGADAIAN,4
KELURAHAN,JAKARTA UTARA,TANJUNG PRIOK,SUNGAI BAMBU,,,LINTAS SEKTOR,FINANSIAL,PEGADAIAN,3
KELURAHAN,JAKARTA UTARA,TANJUNG PRIOK,SUNTER AGUNG,,,LINTAS SEKTOR,FINANSIAL,PEGADAIAN,3
KELURAHAN,JAKARTA UTARA,TANJUNG PRIOK,SUNTER JAYA,,,LINTAS SEKTOR,FINANSIAL,PEGADAIAN,3
KELURAHAN,JAKARTA TIMUR,CIRACAS,SUSUKAN,,,LINTAS SEKTOR,FINANSIAL,PEGADAIAN,2
KELURAHAN,JAKARTA BARAT,TAMBORA,TAMBORA,,,LINTAS SEKTOR,FINANSIAL,PEGADAIAN,1
KELURAHAN,JAKARTA BARAT,TAMBORA,TANAH SEREAL,,,LINTAS SEKTOR,FINANSIAL,PEGADAIAN,1
KELURAHAN,JAKARTA PUSAT,JOHAR BARU,TANAH TINGGI,,,LINTAS SEKTOR,FINANSIAL,PEGADAIAN,1
KELURAHAN,JAKARTA BARAT,TAMANSARI,TANGKI,,,LINTAS SEKTOR,FINANSIAL,PEGADAIAN,1
KELURAHAN,JAKARTA SELATAN,JAGAKARSA,TANJUNG BARAT,,,LINTAS SEKTOR,FINANSIAL,PEGADAIAN,2
KELURAHAN,JAKARTA BARAT,GROGOLPETAMBURAN,TANJUNG DUREN SELATAN,,,LINTAS SEKTOR,FINANSIAL,PEGADAIAN,1
KELURAHAN,JAKARTA BARAT,GROGOLPETAMBURAN,TANJUNG DUREN UTARA,,,LINTAS SEKTOR,FINANSIAL,PEGADAIAN,1
KELURAHAN,JAKARTA UTARA,TANJUNG PRIOK,TANJUNG PRIUK,,,LINTAS SEKTOR,FINANSIAL,PEGADAIAN,1
KELURAHAN,JAKARTA SELATAN,TEBET,TEBET BARAT,,,LINTAS SEKTOR,FINANSIAL,PEGADAIAN,2
KELURAHAN,JAKARTA SELATAN,TEBET,TEBET TIMUR,,,LINTAS SEKTOR,FINANSIAL,PEGADAIAN,1
KELURAHAN,JAKARTA BARAT,GROGOLPETAMBURAN,TOMANG,,,LINTAS SEKTOR,FINANSIAL,PEGADAIAN,1
KELURAHAN,JAKARTA UTARA,KOJA,TUGU SELATAN,,,LINTAS SEKTOR,FINANSIAL,PEGADAIAN,1
KELURAHAN,JAKARTA UTARA,KOJA,TUGU UTARA,,,LINTAS SEKTOR,FINANSIAL,PEGADAIAN,5
KELURAHAN,JAKARTA TIMUR,CAKUNG,UJUNG MENTENG,,,LINTAS SEKTOR,FINANSIAL,PEGADAIAN,1
KELURAHAN,JAKARTA SELATAN,PESANGGRAHAN,ULUJAMI,,,LINTAS SEKTOR,FINANSIAL,PEGADAIAN,3
KELURAHAN,JAKARTA TIMUR,MATRAMAN,UTAN KAYU SELATAN,,,LINTAS SEKTOR,FINANSIAL,PEGADAIAN,3
KELURAHAN,JAKARTA TIMUR,MATRAMAN,UTAN KAYU UTARA,,,LINTAS SEKTOR,FINANSIAL,PEGADAIAN,1
KELURAHAN,JAKARTA PUSAT,KEMAYORAN,UTAN PANJANG,,,LINTAS SEKTOR,FINANSIAL,PEGADAIAN,2
KELURAHAN,JAKARTA UTARA,TANJUNG PRIOK,WARAKAS,,,LINTAS SEKTOR,FINANSIAL,PEGADAIAN,1
KELURAHAN,JAKARTA BARAT,GROGOLPETAMBURAN,WIJAYA KESUMA,,,LINTAS SEKTOR,FINANSIAL,PEGADAIAN,1
KELURAHAN,JAKARTA PUSAT,SAWAH BESAR,KARANG ANYAR,,,PRODUKTIF,PERDAGANGAN,KANTOR POS,1
KELURAHAN,JAKARTA BARAT,TAMBORA,ANGKE,,,PRODUKTIF,PERDAGANGAN,KANTOR POS,2
KELURAHAN,JAKARTA TIMUR,JATINEGARA,BALI MESTER,,,PRODUKTIF,PERDAGANGAN,KANTOR POS,1
KELURAHAN,JAKARTA SELATAN,MAMPANG PRAPATAN,BANGKA,,,PRODUKTIF,PERDAGANGAN,KANTOR POS,2
KELURAHAN,JAKARTA TIMUR,KRAMATJATI,BATU AMPAR,,,PRODUKTIF,PERDAGANGAN,KANTOR POS,5
KELURAHAN,JAKARTA PUSAT,TANAHABANG,BENDUNGAN HILIR,,,PRODUKTIF,PERDAGANGAN,KANTOR POS,4
KELURAHAN,JAKARTA TIMUR,JATINEGARA,BIDARA CINA,,,PRODUKTIF,PERDAGANGAN,KANTOR POS,2
KELURAHAN,JAKARTA SELATAN,JAGAKARSA,BINTARO,,,PRODUKTIF,PERDAGANGAN,KANTOR POS,1
KELURAHAN,JAKARTA SELATAN,TEBET,BUKIT DURI,,,PRODUKTIF,PERDAGANGAN,KANTOR POS,2
KELURAHAN,JAKARTA PUSAT,SENEN,BUNGUR,,,PRODUKTIF,PERDAGANGAN,KANTOR POS,1
KELURAHAN,JAKARTA TIMUR,CAKUNG,CAKUNG BARAT,,,PRODUKTIF,PERDAGANGAN,KANTOR POS,1
KELURAHAN,JAKARTA TIMUR,KRAMATJATI,CAWANG,,,PRODUKTIF,PERDAGANGAN,KANTOR POS,6
KELURAHAN,JAKARTA PUSAT,CEMPAKA PUTIH,CEMPAKA PUTIH TIMUR,,,PRODUKTIF,PERDAGANGAN,KANTOR POS,1
KELURAHAN,JAKARTA BARAT,CENGKARENG,CENGKARENG BARAT,,,PRODUKTIF,PERDAGANGAN,KANTOR POS,1
KELURAHAN,JAKARTA BARAT,CENGKARENG,CENGKARENG TIMUR,,,PRODUKTIF,PERDAGANGAN,KANTOR POS,3
KELURAHAN,JAKARTA TIMUR,CIRACAS,CIBUBUR,,,PRODUKTIF,PERDAGANGAN,KANTOR POS,5
KELURAHAN,JAKARTA PUSAT,GAMBIR,CIDENG,,,PRODUKTIF,PERDAGANGAN,KANTOR POS,4
KELURAHAN,JAKARTA SELATAN,JAGAKARSA,CIGANJUR,,,PRODUKTIF,PERDAGANGAN,KANTOR POS,2
KELURAHAN,JAKARTA PUSAT,MENTENG,CIKINI,,,PRODUKTIF,PERDAGANGAN,KANTOR POS,2
KELURAHAN,JAKARTA SELATAN,CILANDAK,CILANDAK BARAT,,,PRODUKTIF,PERDAGANGAN,KANTOR POS,4
KELURAHAN,JAKARTA SELATAN,CILANDAK,CILANDAK BARAT,,,PRODUKTIF,PERDAGANGAN,KANTOR POS,1
KELURAHAN,JAKARTA SELATAN,PASAR MINGGU,CILANDAK TIMUR,,,PRODUKTIF,PERDAGANGAN,KANTOR POS,1
KELURAHAN,JAKARTA TIMUR,CIPAYUNG,CILANGKAP,,,PRODUKTIF,PERDAGANGAN,KANTOR POS,2
KELURAHAN,JAKARTA UTARA,CILINCING,CILINCING,,,PRODUKTIF,PERDAGANGAN,KANTOR POS,3
KELURAHAN,JAKARTA TIMUR,JATINEGARA,CIPINANG BESAR UTARA,,,PRODUKTIF,PERDAGANGAN,KANTOR POS,1
KELURAHAN,JAKARTA TIMUR,MAKASAR,CIPINANG MELAYU,,,PRODUKTIF,PERDAGANGAN,KANTOR POS,1
KELURAHAN,JAKARTA TIMUR,JATINEGARA,CIPINANG MUARA,,,PRODUKTIF,PERDAGANGAN,KANTOR POS,1
KELURAHAN,JAKARTA SELATAN,JAGAKARSA,CIPEDAK,,,PRODUKTIF,PERDAGANGAN,KANTOR POS,1
KELURAHAN,JAKARTA SELATAN,CILANDAK,CIPETE SELATAN,,,PRODUKTIF,PERDAGANGAN,KANTOR POS,1
KELURAHAN,JAKARTA SELATAN,KEBAYORAN BARU,CIPETE UTARA,,,PRODUKTIF,PERDAGANGAN,KANTOR POS,2
KELURAHAN,JAKARTA TIMUR,JATINEGARA,CIPINANG BESAR SELATAN,,,PRODUKTIF,PERDAGANGAN,KANTOR POS,1
KELURAHAN,JAKARTA TIMUR,JATINEGARA,CIPINANG CEMPEDAK,,,PRODUKTIF,PERDAGANGAN,KANTOR POS,1
KELURAHAN,JAKARTA TIMUR,MAKASAR,CIPINANG MELAYU,,,PRODUKTIF,PERDAGANGAN,KANTOR POS,1
KELURAHAN,JAKARTA TIMUR,JATINEGARA,CIPINANG MUARA,,,PRODUKTIF,PERDAGANGAN,KANTOR POS,4
KELURAHAN,JAKARTA SELATAN,KEBAYORAN LAMA,CIPULIR,,,PRODUKTIF,PERDAGANGAN,KANTOR POS,2
KELURAHAN,JAKARTA TIMUR,CIRACAS,CIRACAS,,,PRODUKTIF,PERDAGANGAN,KANTOR POS,2
KELURAHAN,JAKARTA TIMUR,DUREN SAWIT,DUREN SAWIT,,,PRODUKTIF,PERDAGANGAN,KANTOR POS,3
KELURAHAN,JAKARTA BARAT,KEBONJERUK,DURI KEPA,,,PRODUKTIF,PERDAGANGAN,KANTOR POS,2
KELURAHAN,JAKARTA BARAT,CENGKARENG,DURI KOSAMBI,,,PRODUKTIF,PERDAGANGAN,KANTOR POS,2
KELURAHAN,JAKARTA BARAT,TAMBORA,DURI SELATAN,,,PRODUKTIF,PERDAGANGAN,KANTOR POS,1
KELURAHAN,JAKARTA PUSAT,JOHAR BARU,GALUR,,,PRODUKTIF,PERDAGANGAN,KANTOR POS,1
KELURAHAN,JAKARTA PUSAT,GAMBIR,GAMBIR,,,PRODUKTIF,PERDAGANGAN,KANTOR POS,8
KELURAHAN,JAKARTA SELATAN,KEBAYORAN BARU,GANDARIA UTARA,,,PRODUKTIF,PERDAGANGAN,KANTOR POS,1
KELURAHAN,JAKARTA PUSAT,TANAHABANG,GELORA,,,PRODUKTIF,PERDAGANGAN,KANTOR POS,1
KELURAHAN,JAKARTA TIMUR,PASARREBO,GEDONG,,,PRODUKTIF,PERDAGANGAN,KANTOR POS,2
KELURAHAN,JAKARTA PUSAT,TANAHABANG,GELORA,,,PRODUKTIF,PERDAGANGAN,KANTOR POS,4
KELURAHAN,JAKARTA BARAT,TAMANSARI,GLODOK,,,PRODUKTIF,PERDAGANGAN,KANTOR POS,1
KELURAHAN,JAKARTA PUSAT,MENTENG,GONDANGDIA,,,PRODUKTIF,PERDAGANGAN,KANTOR POS,5
KELURAHAN,JAKARTA BARAT,GROGOLPETAMBURAN,GROGOL,,,PRODUKTIF,PERDAGANGAN,KANTOR POS,3
KELURAHAN,JAKARTA SELATAN,KABAYORAN LAMA,GROGOL SELATAN,,,PRODUKTIF,PERDAGANGAN,KANTOR POS,1
KELURAHAN,JAKARTA SELATAN,KEBAYORAN LAMA,GROGOL UTARA,,,PRODUKTIF,PERDAGANGAN,KANTOR POS,3
KELURAHAN,JAKARTA SELATAN,SETIA BUDI,GUNTUR,,,PRODUKTIF,PERDAGANGAN,KANTOR POS,1
KELURAHAN,JAKARTA SELATAN,KEBAYORAN BARU,GUNUNG,,,PRODUKTIF,PERDAGANGAN,KANTOR POS,3
KELURAHAN,JAKARTA PUSAT,KEMAYORAN,KEMAYORAN,,,PRODUKTIF,PERDAGANGAN,KANTOR POS,1
KELURAHAN,JAKARTA PUSAT,KEMAYORAN,GUNUNG SAHARI SELATAN,,,PRODUKTIF,PERDAGANGAN,KANTOR POS,1
KELURAHAN,JAKARTA TIMUR,MAKASAR,HALIM PERDANA KUSUMAH,,,PRODUKTIF,PERDAGANGAN,KANTOR POS,4
KELURAHAN,JAKARTA PUSAT,KEMAYORAN,HARAPAN MULYA,,,PRODUKTIF,PERDAGANGAN,KANTOR POS,1
KELURAHAN,JAKARTA SELATAN,JAGAKARSA,JAGAKARSA,,,PRODUKTIF,PERDAGANGAN,KANTOR POS,2
KELURAHAN,JAKARTA TIMUR,PULOGADUNG,JATI,,,PRODUKTIF,PERDAGANGAN,KANTOR POS,1
KELURAHAN,JAKARTA PUSAT,TANAHABANG,PETAMBURAN,,,PRODUKTIF,PERDAGANGAN,KANTOR POS,1
KELURAHAN,JAKARTA BARAT,PALMERAH,JATI PULO,,,PRODUKTIF,PERDAGANGAN,KANTOR POS,1
KELURAHAN,JAKARTA BARAT,GROGOLPETAMBURAN,JELAMBAR,,,PRODUKTIF,PERDAGANGAN,KANTOR POS,4
KELURAHAN,JAKARTA BARAT,GROGOLPETAMBURAN,JELAMBAR BARU,,,PRODUKTIF,PERDAGANGAN,KANTOR POS,1
KELURAHAN,JAKARTA BARAT,GROGOLPETAMBURAN,JELAMBAR,,,PRODUKTIF,PERDAGANGAN,KANTOR POS,1
KELURAHAN,JAKARTA BARAT,TAMBORA,JEMBATAN BESI,,,PRODUKTIF,PERDAGANGAN,KANTOR POS,2
KELURAHAN,JAKARTA BARAT,TAMBORA,JEMBATAN LIMA,,,PRODUKTIF,PERDAGANGAN,KANTOR POS,2
KELURAHAN,JAKARTA BARAT,KEMBANGAN,JOGLO,,,PRODUKTIF,PERDAGANGAN,KANTOR POS,1
KELURAHAN,JAKARTA UTARA,CILINCING,KALI BARU,,,PRODUKTIF,PERDAGANGAN,KANTOR POS,1
KELURAHAN,JAKARTA SELATAN,PANCORAN,KALIBATA,,,PRODUKTIF,PERDAGANGAN,KANTOR POS,5
KELURAHAN,JAKARTA BARAT,KALIDERES,KALIDERES,,,PRODUKTIF,PERDAGANGAN,KANTOR POS,1
KELURAHAN,JAKARTA TIMUR,PASARREBO,KALISARI,,,PRODUKTIF,PERDAGANGAN,KANTOR POS,1
KELURAHAN,JAKARTA BARAT,KALIDERES,KAMAL,,,PRODUKTIF,PERDAGANGAN,KANTOR POS,2
KELURAHAN,JAKARTA UTARA,PENJARINGAN,KAMAL MUARA,,,PRODUKTIF,PERDAGANGAN,KANTOR POS,2
KELURAHAN,JAKARTA TIMUR,KRAMATJATI,DUKUH,,,PRODUKTIF,PERDAGANGAN,KANTOR POS,1
KELURAHAN,JAKARTA TIMUR,JATINEGARA,KAMPUNG MELAYU,,,PRODUKTIF,PERDAGANGAN,KANTOR POS,1
KELURAHAN,JAKARTA PUSAT,JOHAR BARU,KAMPUNG RAWA,,,PRODUKTIF,PERDAGANGAN,KANTOR POS,1
KELURAHAN,JAKARTA BARAT,CENGKARENG,KAPUK,,,PRODUKTIF,PERDAGANGAN,KANTOR POS,2
KELURAHAN,JAKARTA SELATAN,SETIA BUDI,KARET,,,PRODUKTIF,PERDAGANGAN,KANTOR POS,3
KELURAHAN,JAKARTA SELATAN,SETIABUDI,KARET KUNINGAN,,,PRODUKTIF,PERDAGANGAN,KANTOR POS,2
KELURAHAN,JAKARTA SELATAN,SETIA BUDI,KARET SEMANGGI,,,PRODUKTIF,PERDAGANGAN,KANTOR POS,2
KELURAHAN,JAKARTA PUSAT,TANAHABANG,KARET TENGSIN,,,PRODUKTIF,PERDAGANGAN,KANTOR POS,7
KELURAHAN,JAKARTA TIMUR,PULOGADUNG,KAYU PUTIH,,,PRODUKTIF,PERDAGANGAN,KANTOR POS,2
KELURAHAN,JAKARTA TIMUR,MATRAMAN,KAYU MANIS,,,PRODUKTIF,PERDAGANGAN,KANTOR POS,3
KELURAHAN,JAKARTA SELATAN,KEBAYORAN LAMA,KEBAYORAN LAMA UTARA,,,PRODUKTIF,PERDAGANGAN,KANTOR POS,3
KELURAHAN,JAKARTA SELATAN,TEBET,KEBON BARU,,,PRODUKTIF,PERDAGANGAN,KANTOR POS,1
KELURAHAN,JAKARTA UTARA,TANJUNG PRIOK,KEBON BAWANG,,,PRODUKTIF,PERDAGANGAN,KANTOR POS,1
KELURAHAN,JAKARTA BARAT,KEBONJERUK,KEBON JERUK,,,PRODUKTIF,PERDAGANGAN,KANTOR POS,2
KELURAHAN,JAKARTA PUSAT,TANAHABANG,KEBON KACANG,,,PRODUKTIF,PERDAGANGAN,KANTOR POS,1
KELURAHAN,JAKARTA PUSAT,GAMBIR,KEBON KELAPA,,,PRODUKTIF,PERDAGANGAN,KANTOR POS,1
KELURAHAN,JAKARTA PUSAT,TANAHABANG,KEBON MELATI,,,PRODUKTIF,PERDAGANGAN,KANTOR POS,1
KELURAHAN,JAKARTA BARAT,CENGKARENG,KEDAUNG KALI ANGKE,,,PRODUKTIF,PERDAGANGAN,KANTOR POS,3
KELURAHAN,JAKARTA BARAT,KEBONJERUK,KEDOYA SELATAN,,,PRODUKTIF,PERDAGANGAN,KANTOR POS,1
KELURAHAN,JAKARTA BARAT,KEBONJERUK,KEDOYA UTARA,,,PRODUKTIF,PERDAGANGAN,KANTOR POS,4
KELURAHAN,JAKARTA BARAT,KEBONJERUK,KELAPA DUA,,,PRODUKTIF,PERDAGANGAN,KANTOR POS,1
KELURAHAN,JAKARTA UTARA,KELAPA GADING,KELAPA GADING BARAT,,,PRODUKTIF,PERDAGANGAN,KANTOR POS,1
KELURAHAN,JAKARTA UTARA,KELAPA GADING,KELAPA GADING TIMUR,,,PRODUKTIF,PERDAGANGAN,KANTOR POS,1
KELURAHAN,JAKARTA BARAT,PALMERAH,KEMANGGISAN,,,PRODUKTIF,PERDAGANGAN,KANTOR POS,1
KELURAHAN,JAKARTA PUSAT,KEMAYORAN,KEMAYORAN,,,PRODUKTIF,PERDAGANGAN,KANTOR POS,2
KELURAHAN,JAKARTA BARAT,KEMBANGAN,KEMBANGAN SELATAN,,,PRODUKTIF,PERDAGANGAN,KANTOR POS,2
KELURAHAN,JAKARTA PUSAT,SENEN,KENARI,,,PRODUKTIF,PERDAGANGAN,KANTOR POS,2
KELURAHAN,JAKARTA TIMUR,DUREN SAWIT,KLENDER,,,PRODUKTIF,PERDAGANGAN,KANTOR POS,4
KELURAHAN,JAKARTA UTARA,KOJA,KOJA,,,PRODUKTIF,PERDAGANGAN,KANTOR POS,2
KELURAHAN,JAKARTA BARAT,PALMERAH,KOTA BAMBU UTARA,,,PRODUKTIF,PERDAGANGAN,KANTOR POS,1
KELURAHAN,JAKARTA PUSAT,SENEN,KRAMAT,,,PRODUKTIF,PERDAGANGAN,KANTOR POS,1
KELURAHAN,JAKARTA TIMUR,KRAMATJATI,KRAMAT JATI,,,PRODUKTIF,PERDAGANGAN,KANTOR POS,1
KELURAHAN,JAKARTA BARAT,TAMANSARI,KRUKUT,,,PRODUKTIF,PERDAGANGAN,KANTOR POS,1
KELURAHAN,JAKARTA SELATAN,MAMPANG PRAPATAN,KUNINGAN BARAT,,,PRODUKTIF,PERDAGANGAN,KANTOR POS,1
KELURAHAN,JAKARTA SELATAN,SETIABUDI,KUNINGAN TIMUR,,,PRODUKTIF,PERDAGANGAN,KANTOR POS,8
KELURAHAN,JAKARTA UTARA,KOJA,LAGOA,,,PRODUKTIF,PERDAGANGAN,KANTOR POS,1
KELURAHAN,JAKARTA SELATAN,CILANDAK,LEBAK BULUS,,,PRODUKTIF,PERDAGANGAN,KANTOR POS,1
KELURAHAN,JAKARTA SELATAN,JAGAKARSA,LENTENG AGUNG,,,PRODUKTIF,PERDAGANGAN,KANTOR POS,2
KELURAHAN,JAKARTA TIMUR,CIPAYUNG,LUBANG BUAYA,,,PRODUKTIF,PERDAGANGAN,KANTOR POS,2
KELURAHAN,JAKARTA TIMUR,MAKASAR,MAKASAR,,,PRODUKTIF,PERDAGANGAN,KANTOR POS,1
KELURAHAN,JAKARTA TIMUR,DUREN SAWIT,DUREN SAWIT,,,PRODUKTIF,PERDAGANGAN,KANTOR POS,3
KELURAHAN,JAKARTA SELATAN,MAMPANG PRAPATAN,MAMPANG PRAPATAN,,,PRODUKTIF,PERDAGANGAN,KANTOR POS,3
KELURAHAN,JAKARTA PUSAT,SAWAH BESAR,MANGGA DUA SELATAN,,,PRODUKTIF,PERDAGANGAN,KANTOR POS,2
KELURAHAN,JAKARTA SELATAN,TEBET,MANGGARAI SELATAN,,,PRODUKTIF,PERDAGANGAN,KANTOR POS,1
KELURAHAN,JAKARTA BARAT,TAMANSARI,MAPHAR,,,PRODUKTIF,PERDAGANGAN,KANTOR POS,1
KELURAHAN,JAKARTA BARAT,KEMBANGAN,MERUYA UTARA,,,PRODUKTIF,PERDAGANGAN,KANTOR POS,1
KELURAHAN,JAKARTA SELATAN,KEBAYORAN BARU,MELAWAI,,,PRODUKTIF,PERDAGANGAN,KANTOR POS,1
KELURAHAN,JAKARTA PUSAT,MENTENG,MENTENG,,,PRODUKTIF,PERDAGANGAN,KANTOR POS,1
KELURAHAN,JAKARTA SELATAN,TEBET,MENTENG DALAM,,,PRODUKTIF,PERDAGANGAN,KANTOR POS,3
KELURAHAN,JAKARTA BARAT,KEMBANGAN,MERUYA SELATAN,,,PRODUKTIF,PERDAGANGAN,KANTOR POS,1
KELURAHAN,JAKARTA UTARA,PADEMANGAN,PADEMANGAN BARAT,,,PRODUKTIF,PERDAGANGAN,KANTOR POS,1
KELURAHAN,JAKARTA UTARA,PADEMANGAN,PADEMANGAN TIMUR,,,PRODUKTIF,PERDAGANGAN,KANTOR POS,1
KELURAHAN,JAKARTA BARAT,PALMERAH,PALMERAH,,,PRODUKTIF,PERDAGANGAN,KANTOR POS,2
KELURAHAN,JAKARTA TIMUR,MATRAMAN,PAL MERIEM,,,PRODUKTIF,PERDAGANGAN,KANTOR POS,1
KELURAHAN,JAKARTA SELATAN,PANCORAN,PANCORAN,,,PRODUKTIF,PERDAGANGAN,KANTOR POS,2
KELURAHAN,JAKARTA UTARA,TANJUNG PRIOK,PAPANGO,,,PRODUKTIF,PERDAGANGAN,KANTOR POS,1
KELURAHAN,JAKARTA PUSAT,SAWAH BESAR,PASAR BARU,,,PRODUKTIF,PERDAGANGAN,KANTOR POS,2
KELURAHAN,JAKARTA SELATAN,PASAR MINGGU,PASAR MINGGU,,,PRODUKTIF,PERDAGANGAN,KANTOR POS,1
KELURAHAN,JAKARTA BARAT,KALIDERES,PEGADUNGAN,,,PRODUKTIF,PERDAGANGAN,KANTOR POS,4
KELURAHAN,JAKARTA PUSAT,MENTENG,PEGANGSAAN,,,PRODUKTIF,PERDAGANGAN,KANTOR POS,1
KELURAHAN,JAKARTA UTARA,KELAPA GADING,PEGANGSAAN DUA,,,PRODUKTIF,PERDAGANGAN,KANTOR POS,1
KELURAHAN,JAKARTA SELATAN,PASAR MINGGU,PEJATEN BARAT,,,PRODUKTIF,PERDAGANGAN,KANTOR POS,1
KELURAHAN,JAKARTA TIMUR,PASARREBO,PEKAYON,,,PRODUKTIF,PERDAGANGAN,KANTOR POS,1
KELURAHAN,JAKARTA SELATAN,MAMPANG PRAPATAN,PELA MAMPANG,,,PRODUKTIF,PERDAGANGAN,KANTOR POS,1
KELURAHAN,JAKARTA SELATAN,PANCORAN,PENGADEGAN,,,PRODUKTIF,PERDAGANGAN,KANTOR POS,2
KELURAHAN,JAKARTA TIMUR,CAKUNG,PENGGILINGAN,,,PRODUKTIF,PERDAGANGAN,KANTOR POS,2
KELURAHAN,JAKARTA SELATAN,JAGAKARSA,BINTARO,,,PRODUKTIF,PERDAGANGAN,KANTOR POS,2
KELURAHAN,JAKARTA PUSAT,GAMBIR,PETOJO SELATAN,,,PRODUKTIF,PERDAGANGAN,KANTOR POS,1
KELURAHAN,JAKARTA PUSAT,GAMBIR,PETOJO UTARA,,,PRODUKTIF,PERDAGANGAN,KANTOR POS,3
KELURAHAN,JAKARTA SELATAN,PESANGGRAHAN,PETUKANGAN UTARA,,,PRODUKTIF,PERDAGANGAN,KANTOR POS,2
KELURAHAN,JAKARTA TIMUR,MAKASAR,PINANG RANTI,,,PRODUKTIF,PERDAGANGAN,KANTOR POS,3
KELURAHAN,JAKARTA BARAT,TAMANSARI,PINANGSIA,,,PRODUKTIF,PERDAGANGAN,KANTOR POS,3
KELURAHAN,JAKARTA TIMUR,PULOGADUNG,PISANGAN TIMUR,,,PRODUKTIF,PERDAGANGAN,KANTOR POS,1
KELURAHAN,JAKARTA TIMUR,MATRAMAN,PISANGAN BARU,,,PRODUKTIF,PERDAGANGAN,KANTOR POS,1
KELURAHAN,JAKARTA UTARA,PENJARINGAN,PLUIT,,,PRODUKTIF,PERDAGANGAN,KANTOR POS,2
KELURAHAN,JAKARTA TIMUR,DUREN SAWIT,PONDOK BAMBU,,,PRODUKTIF,PERDAGANGAN,KANTOR POS,4
KELURAHAN,JAKARTA TIMUR,DUREN SAWIT,PONDOK KELAPA,,,PRODUKTIF,PERDAGANGAN,KANTOR POS,4
KELURAHAN,JAKARTA TIMUR,DUREN SAWIT,PONDOK KOPI,,,PRODUKTIF,PERDAGANGAN,KANTOR POS,3
KELURAHAN,JAKARTA SELATAN,CILANDAK,PONDOK LABU,,,PRODUKTIF,PERDAGANGAN,KANTOR POS,2
KELURAHAN,JAKARTA SELATAN,KEBAYORAN LAMA,PONDOK PINANG,,,PRODUKTIF,PERDAGANGAN,KANTOR POS,5
KELURAHAN,JAKARTA TIMUR,CIPAYUNG,PONDOK RANGGON,,,PRODUKTIF,PERDAGANGAN,KANTOR POS,1
KELURAHAN,JAKARTA SELATAN,KEBAYORAN BARU,PULO,,,PRODUKTIF,PERDAGANGAN,KANTOR POS,1
KELURAHAN,JAKARTA TIMUR,PULOGADUNG,PULO GADUNG,,,PRODUKTIF,PERDAGANGAN,KANTOR POS,1
KELURAHAN,JAKARTA TIMUR,CAKUNG,PULO GEBANG,,,PRODUKTIF,PERDAGANGAN,KANTOR POS,1
KELURAHAN,JAKARTA TIMUR,CAKUNG,PULO GEBANG,,,PRODUKTIF,PERDAGANGAN,KANTOR POS,5
KELURAHAN,JAKARTA SELATAN,PASAR MINGGU,RAGUNAN,,,PRODUKTIF,PERDAGANGAN,KANTOR POS,4
KELURAHAN,JAKARTA SELATAN,KEBAYORAN BARU,RAWA BARAT,,,PRODUKTIF,PERDAGANGAN,KANTOR POS,1
KELURAHAN,JAKARTA BARAT,CENGKARENG,RAWA BUAYA,,,PRODUKTIF,PERDAGANGAN,KANTOR POS,1
KELURAHAN,JAKARTA UTARA,KOJA,RAWABADAK SELATAN,,,PRODUKTIF,PERDAGANGAN,KANTOR POS,2
KELURAHAN,JAKARTA TIMUR,PULOGADUNG,RAWAMANGUN,,,PRODUKTIF,PERDAGANGAN,KANTOR POS,3
KELURAHAN,JAKARTA PUSAT,CEMPAKA PUTIH,RAWA SARI,,,PRODUKTIF,PERDAGANGAN,KANTOR POS,3
KELURAHAN,JAKARTA BARAT,TAMBORA,ROA MALAKA,,,PRODUKTIF,PERDAGANGAN,KANTOR POS,1
KELURAHAN,JAKARTA UTARA,CILINCING,ROROTAN,,,PRODUKTIF,PERDAGANGAN,KANTOR POS,1
KELURAHAN,JAKARTA SELATAN,KEBAYORAN BARU,SELONG,,,PRODUKTIF,PERDAGANGAN,KANTOR POS,3
KELURAHAN,JAKARTA BARAT,KALIDERES,SEMANAN,,,PRODUKTIF,PERDAGANGAN,KANTOR POS,2
KELURAHAN,JAKARTA UTARA,CILINCING,SEMPER TIMUR,,,PRODUKTIF,PERDAGANGAN,KANTOR POS,1
KELURAHAN,JAKARTA SELATAN,KEBAYORAN BARU,SENAYAN,,,PRODUKTIF,PERDAGANGAN,KANTOR POS,6
KELURAHAN,JAKARTA PUSAT,SENEN,SENEN,,,PRODUKTIF,PERDAGANGAN,KANTOR POS,1
KELURAHAN,JAKARTA PUSAT,KEMAYORAN,SERDANG,,,PRODUKTIF,PERDAGANGAN,KANTOR POS,1
KELURAHAN,JAKARTA TIMUR,CIPAYUNG,SETU,,,PRODUKTIF,PERDAGANGAN,KANTOR POS,2
KELURAHAN,JAKARTA BARAT,PALMERAH,SLIPI,,,PRODUKTIF,PERDAGANGAN,KANTOR POS,2
KELURAHAN,JAKARTA BARAT,KEMBANGAN,SRENGSENG,,,PRODUKTIF,PERDAGANGAN,KANTOR POS,1
KELURAHAN,JAKARTA SELATAN,JAGAKARSA,SRENGSENG SAWAH,,,PRODUKTIF,PERDAGANGAN,KANTOR POS,1
KELURAHAN,JAKARTA SELATAN,JAGAKARSA,SRENGSENG SAWAH,,,PRODUKTIF,PERDAGANGAN,KANTOR POS,5
KELURAHAN,JAKARTA BARAT,KEBONJERUK,SUKABUMI SELATAN,,,PRODUKTIF,PERDAGANGAN,KANTOR POS,1
KELURAHAN,JAKARTA UTARA,CILINCING,SUKA PURA,,,PRODUKTIF,PERDAGANGAN,KANTOR POS,2
KELURAHAN,JAKARTA PUSAT,KEMAYORAN,SUMUR BATU,,,PRODUKTIF,PERDAGANGAN,KANTOR POS,1
KELURAHAN,JAKARTA UTARA,TANJUNG PRIOK,SUNTER AGUNG,,,PRODUKTIF,PERDAGANGAN,KANTOR POS,1
KELURAHAN,JAKARTA UTARA,TANJUNG PRIOK,SUNTER JAYA,,,PRODUKTIF,PERDAGANGAN,KANTOR POS,1
KELURAHAN,JAKARTA TIMUR,CIRACAS,SUSUKAN,,,PRODUKTIF,PERDAGANGAN,KANTOR POS,1
KELURAHAN,JAKARTA BARAT,TAMANSARI,TANGKI,,,PRODUKTIF,PERDAGANGAN,KANTOR POS,1
KELURAHAN,JAKARTA BARAT,TAMBORA,TAMBORA,,,PRODUKTIF,PERDAGANGAN,KANTOR POS,1
KELURAHAN,JAKARTA PUSAT,TANAHABANG,KAMPUNG BALI,,,PRODUKTIF,PERDAGANGAN,KANTOR POS,1
KELURAHAN,JAKARTA BARAT,TAMBORA,TANAH SEREAL,,,PRODUKTIF,PERDAGANGAN,KANTOR POS,1
KELURAHAN,JAKARTA SELATAN,JAGAKARSA,TANJUNG BARAT,,,PRODUKTIF,PERDAGANGAN,KANTOR POS,1
KELURAHAN,JAKARTA BARAT,GROGOLPETAMBURAN,TANJUNG DUREN SELATAN,,,PRODUKTIF,PERDAGANGAN,KANTOR POS,2
KELURAHAN,JAKARTA UTARA,TANJUNG PRIOK,TANJUNG PRIUK,,,PRODUKTIF,PERDAGANGAN,KANTOR POS,2
KELURAHAN,JAKARTA SELATAN,TEBET,TEBET BARAT,,,PRODUKTIF,PERDAGANGAN,KANTOR POS,3
KELURAHAN,JAKARTA SELATAN,TEBET,TEBET TIMUR,,,PRODUKTIF,PERDAGANGAN,KANTOR POS,2
KELURAHAN,JAKARTA BARAT,KALIDERES,TEGAL ALUR,,,PRODUKTIF,PERDAGANGAN,KANTOR POS,2
KELURAHAN,JAKARTA SELATAN,MAMPANG PRAPATAN,TEGAL PARANG,,,PRODUKTIF,PERDAGANGAN,KANTOR POS,2
KELURAHAN,JAKARTA BARAT,GROGOLPETAMBURAN,TANJUNG DUREN UTARA,,,PRODUKTIF,PERDAGANGAN,KANTOR POS,1
KELURAHAN,JAKARTA BARAT,GROGOLPETAMBURAN,TOMANG,,,PRODUKTIF,PERDAGANGAN,KANTOR POS,3
KELURAHAN,JAKARTA UTARA,KOJA,TUGU UTARA,,,PRODUKTIF,PERDAGANGAN,KANTOR POS,1
KELURAHAN,JAKARTA TIMUR,CAKUNG,UJUNG MENTENG,,,PRODUKTIF,PERDAGANGAN,KANTOR POS,6
KELURAHAN,JAKARTA SELATAN,PESANGGRAHAN,ULUJAMI,,,PRODUKTIF,PERDAGANGAN,KANTOR POS,1
KELURAHAN,JAKARTA TIMUR,MATRAMAN,UTAN KAYU UTARA,,,PRODUKTIF,PERDAGANGAN,KANTOR POS,3
KELURAHAN,JAKARTA PUSAT,KEMAYORAN,UTAN PANJANG,,,PRODUKTIF,PERDAGANGAN,KANTOR POS,2
KECAMATAN,JAKARTA TIMUR,CAKUNG,,,,INFRASTRUKTUR,TRANSPORTASI,HALTE,166
KECAMATAN,JAKARTA BARAT,CENGKARENG,,,,INFRASTRUKTUR,TRANSPORTASI,HALTE,74
KECAMATAN,JAKARTA UTARA,CILINCING,,,,INFRASTRUKTUR,TRANSPORTASI,HALTE,518
KECAMATAN,JAKARTA TIMUR,CIPAYUNG,,,,INFRASTRUKTUR,TRANSPORTASI,HALTE,7
KECAMATAN,JAKARTA TIMUR,CIRACAS,,,,INFRASTRUKTUR,TRANSPORTASI,HALTE,538
KECAMATAN,JAKARTA TIMUR,DUREN SAWIT,,,,INFRASTRUKTUR,TRANSPORTASI,HALTE,421
KECAMATAN,JAKARTA PUSAT,GAMBIR,,,,INFRASTRUKTUR,TRANSPORTASI,HALTE,180
KECAMATAN,JAKARTA BARAT,GROGOLPETAMBURAN,,,,INFRASTRUKTUR,TRANSPORTASI,HALTE,94
KECAMATAN,JAKARTA TIMUR,JATINEGARA,,,,INFRASTRUKTUR,TRANSPORTASI,HALTE,137
KECAMATAN,JAKARTA BARAT,KALIDERES,,,,INFRASTRUKTUR,TRANSPORTASI,HALTE,39
KECAMATAN,JAKARTA BARAT,KEBONJERUK,,,,INFRASTRUKTUR,TRANSPORTASI,HALTE,212
KECAMATAN,JAKARTA SELATAN,KEBAYORAN BARU,,,,INFRASTRUKTUR,TRANSPORTASI,HALTE,352
KECAMATAN,JAKARTA SELATAN,MAMPANG PRAPATAN,,,,INFRASTRUKTUR,TRANSPORTASI,HALTE,262
KECAMATAN,JAKARTA SELATAN,SETIA BUDI,,,,INFRASTRUKTUR,TRANSPORTASI,HALTE,380
KECAMATAN,JAKARTA SELATAN,CILANDAK,,,,INFRASTRUKTUR,TRANSPORTASI,HALTE,494
KECAMATAN,JAKARTA SELATAN,JAGAKARSA,,,,INFRASTRUKTUR,TRANSPORTASI,HALTE,207
KECAMATAN,JAKARTA SELATAN,KEBAYORAN LAMA,,,,INFRASTRUKTUR,TRANSPORTASI,HALTE,406
KECAMATAN,JAKARTA SELATAN,PASAR MINGGU,,,,INFRASTRUKTUR,TRANSPORTASI,HALTE,387
KECAMATAN,JAKARTA SELATAN,TEBET,,,,INFRASTRUKTUR,TRANSPORTASI,HALTE,275
KECAMATAN,JAKARTA UTARA,KELAPA GADING,,,,INFRASTRUKTUR,TRANSPORTASI,HALTE,48
KECAMATAN,JAKARTA PUSAT,KEMAYORAN,,,,INFRASTRUKTUR,TRANSPORTASI,HALTE,3
KECAMATAN,JAKARTA BARAT,KEMBANGAN,,,,INFRASTRUKTUR,TRANSPORTASI,HALTE,184
KECAMATAN,JAKARTA UTARA,KOJA,,,,INFRASTRUKTUR,TRANSPORTASI,HALTE,45
KECAMATAN,JAKARTA TIMUR,KRAMATJATI,,,,INFRASTRUKTUR,TRANSPORTASI,HALTE,130
KECAMATAN,JAKARTA TIMUR,MAKASAR,,,,INFRASTRUKTUR,TRANSPORTASI,HALTE,36
KECAMATAN,JAKARTA TIMUR,MATRAMAN,,,,INFRASTRUKTUR,TRANSPORTASI,HALTE,67
KECAMATAN,JAKARTA PUSAT,MENTENG,,,,INFRASTRUKTUR,TRANSPORTASI,HALTE,243
KECAMATAN,JAKARTA UTARA,PADEMANGAN,,,,INFRASTRUKTUR,TRANSPORTASI,HALTE,210
KECAMATAN,JAKARTA BARAT,PALMERAH,,,,INFRASTRUKTUR,TRANSPORTASI,HALTE,123
KECAMATAN,JAKARTA TIMUR,PASARREBO,,,,INFRASTRUKTUR,TRANSPORTASI,HALTE,10
KECAMATAN,JAKARTA UTARA,PENJARINGAN,,,,INFRASTRUKTUR,TRANSPORTASI,HALTE,39
KECAMATAN,JAKARTA TIMUR,PULOGADUNG,,,,INFRASTRUKTUR,TRANSPORTASI,HALTE,367
KECAMATAN,JAKARTA PUSAT,SAWAH BESAR,,,,INFRASTRUKTUR,TRANSPORTASI,HALTE,181
KECAMATAN,JAKARTA PUSAT,SENEN,,,,INFRASTRUKTUR,TRANSPORTASI,HALTE,59
KECAMATAN,JAKARTA BARAT,TAMANSARI,,,,INFRASTRUKTUR,TRANSPORTASI,HALTE,40
KECAMATAN,JAKARTA PUSAT,TANAHABANG,,,,INFRASTRUKTUR,TRANSPORTASI,HALTE,323
KECAMATAN,JAKARTA UTARA,TANJUNG PRIOK,,,,INFRASTRUKTUR,TRANSPORTASI,HALTE,344
